player_key,player_name,first_season,last_season,player_image
1,A Ashish Reddy,2012,2016,https://ipl-stats-sports-mechanic.s3.ap-south-1.amazonaws.com/ipl/playerimages/Ashish%20Reddy.png
2,A Badoni,2022,2026,https://www.espncricinfo.com/cricketers/ayush-badoni-1151270
3,A Chandila,2012,2013,https://ipl-stats-sports-mechanic.s3.ap-south-1.amazonaws.com/ipl/playerimages/Ajit%20Chandila.png
4,A Chopra,2008,2009,https://ipl-stats-sports-mechanic.s3.ap-south-1.amazonaws.com/ipl/playerimages/Aakash%20Chopra.png
5,A Choudhary,2017,2017,https://ipl-stats-sports-mechanic.s3.ap-south-1.amazonaws.com/ipl/playerimages/Anukul%20Choudhary.png
6,A Dananjaya,2018,2018,https://ipl-stats-sports-mechanic.s3.ap-south-1.amazonaws.com/ipl/playerimages/Akila%20Dananjaya.png
7,A Flintoff,2009,2009,https://ipl-stats-sports-mechanic.s3.ap-south-1.amazonaws.com/ipl/playerimages/Andrew%20Flintoff.png
8,A Kamboj,2024,2026,https://www.espncricinfo.com/cricketers/anshul-kamboj-1175428
9,A Kumble,2008,2010,https://ipl-stats-sports-mechanic.s3.ap-south-1.amazonaws.com/ipl/playerimages/Anil%20Kumble.png
10,A Manohar,2022,2025,https://www.espncricinfo.com/cricketers/abhinav-manohar-778963
11,A Mhatre,2025,2026,https://ipl-stats-sports-mechanic.s3.ap-south-1.amazonaws.com/ipl/playerimages/Ayush%20Mhatre.png
12,A Mishra,2008,2024,https://ipl-stats-sports-mechanic.s3.ap-south-1.amazonaws.com/ipl/playerimages/Amit%20Mishra.png
13,A Mithun,2009,2013,https://ipl-stats-sports-mechanic.s3.ap-south-1.amazonaws.com/ipl/playerimages/Abhimanyu%20Mithun.png
14,A Mukund,2008,2013,https://ipl-stats-sports-mechanic.s3.ap-south-1.amazonaws.com/ipl/playerimages/Abhinav%20Mukund.png
15,A Nehra,2008,2017,https://ipl-stats-sports-mechanic.s3.ap-south-1.amazonaws.com/ipl/playerimages/Ashish%20Nehra.png
16,A Nel,2008,2008,https://ipl-stats-sports-mechanic.s3.ap-south-1.amazonaws.com/ipl/playerimages/Andre%20Nel.png
17,A Nortje,2021,2026,https://ipl-stats-sports-mechanic.s3.ap-south-1.amazonaws.com/ipl/playerimages/Anrich%20Nortje.png
18,A Raghuvanshi,2024,2026,https://www.espncricinfo.com/cricketers/angkrish-raghuvanshi-1292495
19,A Singh,2009,2012,https://ipl-stats-sports-mechanic.s3.ap-south-1.amazonaws.com/ipl/playerimages/Amrit%20Singh.png
20,A Symonds,2008,2011,https://ipl-stats-sports-mechanic.s3.ap-south-1.amazonaws.com/ipl/playerimages/Andrew%20Symonds.png
21,A Tomar,2022,2022,https://ipl-stats-sports-mechanic.s3.ap-south-1.amazonaws.com/ipl/playerimages/Ayush%20Tomar.png
22,A Uniyal,2010,2010,https://ipl-stats-sports-mechanic.s3.ap-south-1.amazonaws.com/ipl/playerimages/Aniket%20Uniyal.png
23,A Zampa,2016,2025,https://www.espncricinfo.com/cricketers/adam-zampa-379504
24,AA Bilakhia,2009,2010,https://ipl-stats-sports-mechanic.s3.ap-south-1.amazonaws.com/ipl/playerimages/Atul%20Bilakhia.png
25,AA Chavan,2011,2013,https://ipl-stats-sports-mechanic.s3.ap-south-1.amazonaws.com/ipl/playerimages/Ankeet%20Chavan.png
26,AA Jhunjhunwala,2010,2012,https://ipl-stats-sports-mechanic.s3.ap-south-1.amazonaws.com/ipl/playerimages/Anirudh%20Jhunjhunwala.png
27,AA Kazi,2011,2011,https://ipl-stats-sports-mechanic.s3.ap-south-1.amazonaws.com/ipl/playerimages/Akhil%20Kazi.png
28,AA Kulkarni,2024,2026,https://www.espncricinfo.com/cricketers/arshin-kulkarni-1403153
29,AA Noffke,2008,2008,https://ipl-stats-sports-mechanic.s3.ap-south-1.amazonaws.com/ipl/playerimages/Ashley%20Noffke.png
30,AB Agarkar,2008,2013,https://ipl-stats-sports-mechanic.s3.ap-south-1.amazonaws.com/ipl/playerimages/Ajit%20Agarkar.png
31,AB Barath,2010,2010,https://ipl-stats-sports-mechanic.s3.ap-south-1.amazonaws.com/ipl/playerimages/Adrian%20Barath.png
32,AB Dinda,2008,2017,https://ipl-stats-sports-mechanic.s3.ap-south-1.amazonaws.com/ipl/playerimages/Ashok%20Dinda.png
33,AB McDonald,2009,2013,https://ipl-stats-sports-mechanic.s3.ap-south-1.amazonaws.com/ipl/playerimages/Andrew%20McDonald.png
34,AB de Villiers,2008,2021,https://ipl-stats-sports-mechanic.s3.ap-south-1.amazonaws.com/ipl/playerimages/AB%20de%20Villiers.png
35,AC Blizzard,2011,2012,https://ipl-stats-sports-mechanic.s3.ap-south-1.amazonaws.com/ipl/playerimages/Adam%20Blizzard.png
36,AC Gilchrist,2008,2013,"https://img1.hscicdn.com/image/upload/f_auto,t_ds_w_1280,q_80/lsci/db/PICTURES/CMS/319600/319684.png"
37,AC Thomas,2011,2012,https://ipl-stats-sports-mechanic.s3.ap-south-1.amazonaws.com/ipl/playerimages/Alfonso%20Thomas.png
38,AC Voges,2010,2010,https://ipl-stats-sports-mechanic.s3.ap-south-1.amazonaws.com/ipl/playerimages/Adam%20Voges.png
39,AD Hales,2018,2018,https://ipl-stats-sports-mechanic.s3.ap-south-1.amazonaws.com/ipl/playerimages/Alex%20Hales.png
40,AD Mascarenhas,2008,2013,https://ipl-stats-sports-mechanic.s3.ap-south-1.amazonaws.com/ipl/playerimages/Dimitri%20Mascarenhas.png
41,AD Mathews,2009,2017,https://ipl-stats-sports-mechanic.s3.ap-south-1.amazonaws.com/ipl/playerimages/Angelo%20Mathews.png
42,AD Nath,2016,2019,https://ipl-stats-sports-mechanic.s3.ap-south-1.amazonaws.com/ipl/playerimages/Abhishek%20Nath.png
43,AD Russell,2012,2025,https://ipl-stats-sports-mechanic.s3.ap-south-1.amazonaws.com/ipl/playerimages/Andre%20Russell.png
44,AF Milne,2016,2026,https://ipl-stats-sports-mechanic.s3.ap-south-1.amazonaws.com/ipl/playerimages/Adam%20Milne.png
45,AG Murtaza,2010,2013,https://ipl-stats-sports-mechanic.s3.ap-south-1.amazonaws.com/ipl/playerimages/Abdur%20Razzak.png
46,AG Paunikar,2010,2011,https://ipl-stats-sports-mechanic.s3.ap-south-1.amazonaws.com/ipl/playerimages/Amit%20Paunikar.png
47,AJ Finch,2010,2022,https://ipl-stats-sports-mechanic.s3.ap-south-1.amazonaws.com/ipl/playerimages/Aaron%20Finch.png
48,AJ Hosein,2023,2026,https://ipl-stats-sports-mechanic.s3.ap-south-1.amazonaws.com/ipl/playerimages/Akeal%20Hosein.png
49,AJ Turner,2019,2024,https://ipl-stats-sports-mechanic.s3.ap-south-1.amazonaws.com/ipl/playerimages/Ashton%20Turner.png
50,AJ Tye,2017,2022,https://ipl-stats-sports-mechanic.s3.ap-south-1.amazonaws.com/ipl/playerimages/Andrew%20Tye.png
51,AK Markram,2021,2026,https://ipl-stats-sports-mechanic.s3.ap-south-1.amazonaws.com/ipl/playerimages/Aiden%20Markram.png
52,AL Menaria,2011,2013,https://ipl-stats-sports-mechanic.s3.ap-south-1.amazonaws.com/ipl/playerimages/Ankit%20Menaria.png
53,AM Ghazanfar,2026,2026,https://ipl-stats-sports-mechanic.s3.ap-south-1.amazonaws.com/ipl/playerimages/Mohammad%20Ghazanfar.png
54,AM Nayar,2008,2014,https://ipl-stats-sports-mechanic.s3.ap-south-1.amazonaws.com/ipl/playerimages/Abhishek%20Nayar.png
55,AM Rahane,2008,2026,https://ipl-stats-sports-mechanic.s3.ap-south-1.amazonaws.com/ipl/playerimages/Ajinkya%20Rahane.png
56,AM Salvi,2009,2011,https://ipl-stats-sports-mechanic.s3.ap-south-1.amazonaws.com/ipl/playerimages/Amol%20Salvi.png
57,AN Ahmed,2010,2015,https://ipl-stats-sports-mechanic.s3.ap-south-1.amazonaws.com/ipl/playerimages/Anwar%20Ali.png
58,AN Ghosh,2009,2009,https://ipl-stats-sports-mechanic.s3.ap-south-1.amazonaws.com/ipl/playerimages/Anustup%20Majumdar.png
59,AP Dole,2010,2010,https://ipl-stats-sports-mechanic.s3.ap-south-1.amazonaws.com/ipl/playerimages/Aniket%20Dole.png
60,AP Majumdar,2012,2012,https://ipl-stats-sports-mechanic.s3.ap-south-1.amazonaws.com/ipl/playerimages/Anustup%20Majumdar.png
61,AP Tare,2010,2018,https://ipl-stats-sports-mechanic.s3.ap-south-1.amazonaws.com/ipl/playerimages/Aditya%20Tare.png
62,AR Bawne,2017,2017,https://ipl-stats-sports-mechanic.s3.ap-south-1.amazonaws.com/ipl/playerimages/Ankit%20Bawne.png
63,AR Patel,2013,2026,https://ipl-stats-sports-mechanic.s3.ap-south-1.amazonaws.com/ipl/playerimages/Axar%20Patel.png
64,AS Joseph,2019,2024,https://ipl-stats-sports-mechanic.s3.ap-south-1.amazonaws.com/ipl/playerimages/Alzarri%20Joseph.png
65,AS Rajpoot,2013,2021,https://ipl-stats-sports-mechanic.s3.ap-south-1.amazonaws.com/ipl/playerimages/Anureet%20Singh.png
66,AS Raut,2009,2011,https://ipl-stats-sports-mechanic.s3.ap-south-1.amazonaws.com/ipl/playerimages/Akhil%20Raut.png
67,AS Roy,2019,2026,https://ipl-stats-sports-mechanic.s3.ap-south-1.amazonaws.com/ipl/playerimages/Aiswarya%20Roy.png
68,AS Yadav,2008,2008,https://ipl-stats-sports-mechanic.s3.ap-south-1.amazonaws.com/ipl/playerimages/Anirudha%20Srikanth.png
69,AT Carey,2021,2021,https://ipl-stats-sports-mechanic.s3.ap-south-1.amazonaws.com/ipl/playerimages/Alex%20Carey.png
70,AT Rayudu,2010,2023,https://ipl-stats-sports-mechanic.s3.ap-south-1.amazonaws.com/ipl/playerimages/Ambati%20Rayudu.png
71,AU Rashid,2021,2023,https://ipl-stats-sports-mechanic.s3.ap-south-1.amazonaws.com/ipl/playerimages/Adil%20Rashid.png
72,AUK Pathan,2011,2012,https://ipl-stats-sports-mechanic.s3.ap-south-1.amazonaws.com/ipl/playerimages/Asif%20Khan.png
73,AV Wankhade,2014,2014,https://ipl-stats-sports-mechanic.s3.ap-south-1.amazonaws.com/ipl/playerimages/Akshay%20Wankhade.png
74,Abdul Basith,2023,2023,https://ipl-stats-sports-mechanic.s3.ap-south-1.amazonaws.com/ipl/playerimages/Abdul%20Basith.png
75,Abdul Samad,2021,2026,https://www.espncricinfo.com/cricketers/abdul-samad-1175485
76,Abdur Razzak,2008,2008,https://ipl-stats-sports-mechanic.s3.ap-south-1.amazonaws.com/ipl/playerimages/Abdur%20Razzak.png
77,Abhinandan Singh,2026,2026,https://ipl-stats-sports-mechanic.s3.ap-south-1.amazonaws.com/ipl/playerimages/Abhinandan%20Singh.png
78,Abhishek Sharma,2018,2026,https://ipl-stats-sports-mechanic.s3.ap-south-1.amazonaws.com/ipl/playerimages/Abhishek%20Sharma.png
79,Abishek Porel,2023,2026,https://www.espncricinfo.com/cricketers/abishek-porel-1277545
80,Akash Deep,2022,2025,https://www.espncricinfo.com/cricketers/akash-deep-1176959
81,Akash Madhwal,2023,2025,https://www.espncricinfo.com/cricketers/akash-madhwal-1206039
82,Akash Singh,2021,2026,https://ipl-stats-sports-mechanic.s3.ap-south-1.amazonaws.com/ipl/playerimages/Akash%20Singh.png
83,Akshat Raghuwanshi,2026,2026,https://ipl-stats-sports-mechanic.s3.ap-south-1.amazonaws.com/ipl/playerimages/Akshat%20Raghuwanshi.png
84,Aman Hakim Khan,2022,2023,https://ipl-stats-sports-mechanic.s3.ap-south-1.amazonaws.com/ipl/playerimages/Aman%20Hakim%20Khan.png
85,Anand Rajan,2011,2013,https://ipl-stats-sports-mechanic.s3.ap-south-1.amazonaws.com/ipl/playerimages/Anand%20Rajan.png
86,Aniket Verma,2025,2026,https://www.espncricinfo.com/cricketers/aniket-verma-1409976
87,Anirudh Singh,2010,2010,https://ipl-stats-sports-mechanic.s3.ap-south-1.amazonaws.com/ipl/playerimages/Anirudh%20Singh.png
88,Ankit Sharma,2012,2018,https://ipl-stats-sports-mechanic.s3.ap-south-1.amazonaws.com/ipl/playerimages/Ankit%20Sharma.png
89,Ankit Soni,2017,2017,https://ipl-stats-sports-mechanic.s3.ap-south-1.amazonaws.com/ipl/playerimages/Ankit%20Soni.png
90,Anmolpreet Singh,2019,2024,https://ipl-stats-sports-mechanic.s3.ap-south-1.amazonaws.com/ipl/playerimages/Anmolpreet%20Singh.png
91,Anuj Rawat,2021,2024,https://www.espncricinfo.com/cricketers/anuj-rawat-1123073
92,Anureet Singh,2009,2018,https://ipl-stats-sports-mechanic.s3.ap-south-1.amazonaws.com/ipl/playerimages/Anureet%20Singh.png
93,Arjun Tendulkar,2023,2026,https://ipl-stats-sports-mechanic.s3.ap-south-1.amazonaws.com/ipl/playerimages/Arjun%20Tendulkar.png
94,Arshad Khan,2023,2026,https://ipl-stats-sports-mechanic.s3.ap-south-1.amazonaws.com/ipl/playerimages/Arshad%20Khan.png
95,Arshad Khan (2),2024,2024,https://ipl-stats-sports-mechanic.s3.ap-south-1.amazonaws.com/ipl/playerimages/Arshad%20Khan.png
96,Arshdeep Singh,2019,2026,https://www.espncricinfo.com/cricketers/arshdeep-singh-1125976
97,Ashok Sharma,2025,2026,https://ipl-stats-sports-mechanic.s3.ap-south-1.amazonaws.com/ipl/playerimages/Ashok%20Sharma.png
98,Ashutosh Sharma,2024,2026,https://www.espncricinfo.com/cricketers/ashutosh-sharma-1131978
99,Ashwani Kumar,2025,2026,https://www.espncricinfo.com/cricketers/ashwani-kumar-1209126
100,Atharva Taide,2023,2025,https://www.espncricinfo.com/cricketers/atharva-taide-1125958
101,Auqib Nabi,2026,2026,https://ipl-stats-sports-mechanic.s3.ap-south-1.amazonaws.com/ipl/playerimages/Auqib%20Nabi.png
102,Avesh Khan,2017,2026,https://www.espncricinfo.com/cricketers/avesh-khan-694211
103,Azhar Mahmood,2012,2015,https://ipl-stats-sports-mechanic.s3.ap-south-1.amazonaws.com/ipl/playerimages/Azhar%20Mahmood.png
104,Azmatullah Omarzai,2024,2026,https://www.espncricinfo.com/cricketers/azmatullah-omarzai-819429
105,B Akhil,2008,2011,https://ipl-stats-sports-mechanic.s3.ap-south-1.amazonaws.com/ipl/playerimages/B%20Akhil.png
106,B Aparajith,2015,2015,https://ipl-stats-sports-mechanic.s3.ap-south-1.amazonaws.com/ipl/playerimages/Baba%20Aparajith.png
107,B Chipli,2008,2013,https://ipl-stats-sports-mechanic.s3.ap-south-1.amazonaws.com/ipl/playerimages/Brijesh%20Chipli.png
108,B Geeves,2008,2008,https://ipl-stats-sports-mechanic.s3.ap-south-1.amazonaws.com/ipl/playerimages/Brett%20Geeves.png
109,B Indrajith,2022,2022,https://ipl-stats-sports-mechanic.s3.ap-south-1.amazonaws.com/ipl/playerimages/Baba%20Indrajith.png
110,B Kumar,2011,2026,https://ipl-stats-sports-mechanic.s3.ap-south-1.amazonaws.com/ipl/playerimages/Bhuvneshwar%20Kumar.png
111,B Laughlin,2013,2018,https://ipl-stats-sports-mechanic.s3.ap-south-1.amazonaws.com/ipl/playerimages/Ben%20Laughlin.png
112,B Lee,2008,2013,https://ipl-stats-sports-mechanic.s3.ap-south-1.amazonaws.com/ipl/playerimages/Brett%20Lee.png
113,B Muzarabani,2026,2026,https://ipl-stats-sports-mechanic.s3.ap-south-1.amazonaws.com/ipl/playerimages/Blessing%20Muzarabani.png
114,B Sai Sudharsan,2022,2026,https://ipl-stats-sports-mechanic.s3.ap-south-1.amazonaws.com/ipl/playerimages/Sai%20Sudharsan.png
115,B Stanlake,2017,2018,https://ipl-stats-sports-mechanic.s3.ap-south-1.amazonaws.com/ipl/playerimages/Billy%20Stanlake.png
116,B Sumanth,2010,2010,https://ipl-stats-sports-mechanic.s3.ap-south-1.amazonaws.com/ipl/playerimages/B%20Sumanth.png
117,BA Bhatt,2011,2013,https://ipl-stats-sports-mechanic.s3.ap-south-1.amazonaws.com/ipl/playerimages/Bhargav%20Bhatt.png
118,BA Stokes,2017,2023,https://ipl-stats-sports-mechanic.s3.ap-south-1.amazonaws.com/ipl/playerimages/Ben%20Stokes.png
119,BAW Mendis,2008,2013,https://ipl-stats-sports-mechanic.s3.ap-south-1.amazonaws.com/ipl/playerimages/Ajantha%20Mendis.png
120,BB McCullum,2008,2018,https://ipl-stats-sports-mechanic.s3.ap-south-1.amazonaws.com/ipl/playerimages/Brendon%20McCullum.png
121,BB Samantray,2012,2013,https://ipl-stats-sports-mechanic.s3.ap-south-1.amazonaws.com/ipl/playerimages/Biplab%20Samantray.png
122,BB Sran,2015,2019,https://ipl-stats-sports-mechanic.s3.ap-south-1.amazonaws.com/ipl/playerimages/Barinder%20Sran.png
123,BCJ Cutting,2014,2019,https://ipl-stats-sports-mechanic.s3.ap-south-1.amazonaws.com/ipl/playerimages/Ben%20Cutting.png
124,BE Hendricks,2014,2015,https://ipl-stats-sports-mechanic.s3.ap-south-1.amazonaws.com/ipl/playerimages/Beuran%20Hendricks.png
125,BJ Dwarshuis,2026,2026,https://ipl-stats-sports-mechanic.s3.ap-south-1.amazonaws.com/ipl/playerimages/Boris%20Dwarshuis.png
126,BJ Haddin,2011,2011,https://ipl-stats-sports-mechanic.s3.ap-south-1.amazonaws.com/ipl/playerimages/Brad%20Haddin.png
127,BJ Hodge,2008,2014,https://ipl-stats-sports-mechanic.s3.ap-south-1.amazonaws.com/ipl/playerimages/Brad%20Hodge.png
128,BJ Rohrer,2013,2013,https://ipl-stats-sports-mechanic.s3.ap-south-1.amazonaws.com/ipl/playerimages/Ben%20Rohrer.png
129,BKG Mendis,2025,2025,https://ipl-stats-sports-mechanic.s3.ap-south-1.amazonaws.com/ipl/playerimages/Kamindu%20Mendis.png
130,BMAJ Mendis,2013,2013,https://ipl-stats-sports-mechanic.s3.ap-south-1.amazonaws.com/ipl/playerimages/Jeevan%20Mendis.png
131,BR Dunk,2014,2014,https://ipl-stats-sports-mechanic.s3.ap-south-1.amazonaws.com/ipl/playerimages/Ben%20Dunk.png
132,BR Sharath,2024,2024,https://ipl-stats-sports-mechanic.s3.ap-south-1.amazonaws.com/ipl/playerimages/BR%20Sharath.png
133,BW Hilfenhaus,2012,2014,https://ipl-stats-sports-mechanic.s3.ap-south-1.amazonaws.com/ipl/playerimages/Ben%20Hilfenhaus.png
134,Basil Thampi,2017,2022,https://ipl-stats-sports-mechanic.s3.ap-south-1.amazonaws.com/ipl/playerimages/Basil%20Thampi.png
135,Bipul Sharma,2010,2017,https://ipl-stats-sports-mechanic.s3.ap-south-1.amazonaws.com/ipl/playerimages/Bipul%20Sharma.png
136,Brijesh Sharma,2026,2026,https://ipl-stats-sports-mechanic.s3.ap-south-1.amazonaws.com/ipl/playerimages/Brijesh%20Sharma.png
137,C Bosch,2025,2026,https://www.espncricinfo.com/cricketers/corbin-bosch-594322
138,C Connolly,2026,2026,https://ipl-stats-sports-mechanic.s3.ap-south-1.amazonaws.com/ipl/playerimages/Callum%20Connolly.png
139,C Ganapathy,2010,2010,https://ipl-stats-sports-mechanic.s3.ap-south-1.amazonaws.com/ipl/playerimages/C%20Ganapathy.png
140,C Green,2023,2026,https://ipl-stats-sports-mechanic.s3.ap-south-1.amazonaws.com/ipl/playerimages/Cameron%20Green.png
141,C Madan,2010,2010,https://ipl-stats-sports-mechanic.s3.ap-south-1.amazonaws.com/ipl/playerimages/C%20Madan.png
142,C Munro,2016,2019,https://ipl-stats-sports-mechanic.s3.ap-south-1.amazonaws.com/ipl/playerimages/Colin%20Munro.png
143,C Nanda,2009,2009,https://ipl-stats-sports-mechanic.s3.ap-south-1.amazonaws.com/ipl/playerimages/Charith%20Nanda.png
144,C Sakariya,2021,2025,https://www.espncricinfo.com/cricketers/chetan-sakariya-1131754
145,C de Grandhomme,2017,2019,https://ipl-stats-sports-mechanic.s3.ap-south-1.amazonaws.com/ipl/playerimages/Colin%20de%20Grandhomme.png
146,CA Ingram,2011,2019,https://ipl-stats-sports-mechanic.s3.ap-south-1.amazonaws.com/ipl/playerimages/Colin%20Ingram.png
147,CA Lynn,2012,2021,https://ipl-stats-sports-mechanic.s3.ap-south-1.amazonaws.com/ipl/playerimages/Chris%20Lynn.png
148,CA Pujara,2010,2014,https://ipl-stats-sports-mechanic.s3.ap-south-1.amazonaws.com/ipl/playerimages/Cheteshwar%20Pujara.png
149,CH Gayle,2009,2021,https://ipl-stats-sports-mechanic.s3.ap-south-1.amazonaws.com/ipl/playerimages/Chris%20Gayle.png
150,CH Morris,2013,2021,https://ipl-stats-sports-mechanic.s3.ap-south-1.amazonaws.com/ipl/playerimages/Chris%20Morris.png
151,CJ Anderson,2014,2018,https://ipl-stats-sports-mechanic.s3.ap-south-1.amazonaws.com/ipl/playerimages/Corey%20Anderson.png
152,CJ Dala,2018,2018,https://ipl-stats-sports-mechanic.s3.ap-south-1.amazonaws.com/ipl/playerimages/Christiaan%20Dala.png
153,CJ Ferguson,2011,2012,https://ipl-stats-sports-mechanic.s3.ap-south-1.amazonaws.com/ipl/playerimages/Craig%20Ferguson.png
154,CJ Green,2021,2021,https://ipl-stats-sports-mechanic.s3.ap-south-1.amazonaws.com/ipl/playerimages/Cameron%20Green.png
155,CJ Jordan,2016,2023,https://ipl-stats-sports-mechanic.s3.ap-south-1.amazonaws.com/ipl/playerimages/Chris%20Jordan.png
156,CJ McKay,2012,2012,https://ipl-stats-sports-mechanic.s3.ap-south-1.amazonaws.com/ipl/playerimages/Clint%20McKay.png
157,CK Kapugedera,2008,2008,https://ipl-stats-sports-mechanic.s3.ap-south-1.amazonaws.com/ipl/playerimages/Chamara%20Kapugedera.png
158,CK Langeveldt,2009,2011,https://ipl-stats-sports-mechanic.s3.ap-south-1.amazonaws.com/ipl/playerimages/Charl%20Langeveldt.png
159,CL White,2008,2013,https://ipl-stats-sports-mechanic.s3.ap-south-1.amazonaws.com/ipl/playerimages/Cameron%20White.png
160,CM Gautam,2013,2015,https://ipl-stats-sports-mechanic.s3.ap-south-1.amazonaws.com/ipl/playerimages/CM%20Gautam.png
161,CR Brathwaite,2016,2019,https://ipl-stats-sports-mechanic.s3.ap-south-1.amazonaws.com/ipl/playerimages/Carlos%20Brathwaite.png
162,CR Woakes,2017,2021,https://ipl-stats-sports-mechanic.s3.ap-south-1.amazonaws.com/ipl/playerimages/Chris%20Woakes.png
163,CRD Fernando,2008,2010,https://ipl-stats-sports-mechanic.s3.ap-south-1.amazonaws.com/ipl/playerimages/Dilhara%20Fernando.png
164,CV Varun,2019,2026,https://ipl-stats-sports-mechanic.s3.ap-south-1.amazonaws.com/ipl/playerimages/Varun%20Chakaravarthy.png
165,D Brevis,2022,2026,https://ipl-stats-sports-mechanic.s3.ap-south-1.amazonaws.com/ipl/playerimages/Dewald%20Brevis.png
166,D Ferreira,2023,2026,https://www.espncricinfo.com/cricketers/donovan-ferreira-698315
167,D Jansen,2023,2023,https://ipl-stats-sports-mechanic.s3.ap-south-1.amazonaws.com/ipl/playerimages/Devon%20Jansen.png
168,D Kalyankrishna,2008,2008,https://ipl-stats-sports-mechanic.s3.ap-south-1.amazonaws.com/ipl/playerimages/D%20Kalyankrishna.png
169,D Madushanka,2026,2026,https://ipl-stats-sports-mechanic.s3.ap-south-1.amazonaws.com/ipl/playerimages/Dilshan%20Madushanka.png
170,D Padikkal,2021,2026,https://www.espncricinfo.com/cricketers/devdutt-padikkal-1119026
171,D Pretorius,2022,2023,https://ipl-stats-sports-mechanic.s3.ap-south-1.amazonaws.com/ipl/playerimages/Dwaine%20Pretorius.png
172,D Salunkhe,2008,2008,https://ipl-stats-sports-mechanic.s3.ap-south-1.amazonaws.com/ipl/playerimages/Deepak%20Salunkhe.png
173,D Wiese,2015,2023,https://ipl-stats-sports-mechanic.s3.ap-south-1.amazonaws.com/ipl/playerimages/David%20Wiese.png
174,D du Preez,2009,2009,https://ipl-stats-sports-mechanic.s3.ap-south-1.amazonaws.com/ipl/playerimages/Dries%20du%20Preez.png
175,DA Miller,2012,2026,https://ipl-stats-sports-mechanic.s3.ap-south-1.amazonaws.com/ipl/playerimages/David%20Miller.png
176,DA Payne,2026,2026,https://ipl-stats-sports-mechanic.s3.ap-south-1.amazonaws.com/ipl/playerimages/David%20Payne.png
177,DA Warner,2009,2024,https://ipl-stats-sports-mechanic.s3.ap-south-1.amazonaws.com/ipl/playerimages/David%20Warner.png
178,DAJ Bracewell,2012,2012,https://ipl-stats-sports-mechanic.s3.ap-south-1.amazonaws.com/ipl/playerimages/Doug%20Bracewell.png
179,DB Das,2008,2013,https://ipl-stats-sports-mechanic.s3.ap-south-1.amazonaws.com/ipl/playerimages/Debabrata%20Das.png
180,DB Ravi Teja,2008,2013,https://ipl-stats-sports-mechanic.s3.ap-south-1.amazonaws.com/ipl/playerimages/DB%20Ravi%20Teja.png
181,DE Bollinger,2010,2012,https://ipl-stats-sports-mechanic.s3.ap-south-1.amazonaws.com/ipl/playerimages/Doug%20Bollinger.png
182,DG Nalkande,2022,2024,https://ipl-stats-sports-mechanic.s3.ap-south-1.amazonaws.com/ipl/playerimages/Darshan%20Nalkande.png
183,DH Yagnik,2011,2014,https://ipl-stats-sports-mechanic.s3.ap-south-1.amazonaws.com/ipl/playerimages/Dishant%20Yagnik.png
184,DJ Bravo,2008,2022,https://ipl-stats-sports-mechanic.s3.ap-south-1.amazonaws.com/ipl/playerimages/Dwayne%20Bravo.png
185,DJ Harris,2012,2012,https://ipl-stats-sports-mechanic.s3.ap-south-1.amazonaws.com/ipl/playerimages/Ryan%20Harris.png
186,DJ Hooda,2015,2025,https://ipl-stats-sports-mechanic.s3.ap-south-1.amazonaws.com/ipl/playerimages/Deepak%20Hooda.png
187,DJ Hussey,2008,2014,https://ipl-stats-sports-mechanic.s3.ap-south-1.amazonaws.com/ipl/playerimages/David%20Hussey.png
188,DJ Jacobs,2011,2012,https://ipl-stats-sports-mechanic.s3.ap-south-1.amazonaws.com/ipl/playerimages/Dario%20Jacobs.png
189,DJ Malan,2021,2021,https://ipl-stats-sports-mechanic.s3.ap-south-1.amazonaws.com/ipl/playerimages/Dawid%20Malan.png
190,DJ Mitchell,2022,2024,https://ipl-stats-sports-mechanic.s3.ap-south-1.amazonaws.com/ipl/playerimages/Daryl%20Mitchell.png
191,DJ Muthuswami,2015,2015,https://ipl-stats-sports-mechanic.s3.ap-south-1.amazonaws.com/ipl/playerimages/DJ%20Muthuswami.png
192,DJ Thornely,2008,2008,https://ipl-stats-sports-mechanic.s3.ap-south-1.amazonaws.com/ipl/playerimages/Dominic%20Thornely.png
193,DJ Willey,2018,2023,https://ipl-stats-sports-mechanic.s3.ap-south-1.amazonaws.com/ipl/playerimages/David%20Willey.png
194,DJG Sammy,2013,2015,https://ipl-stats-sports-mechanic.s3.ap-south-1.amazonaws.com/ipl/playerimages/Darren%20Sammy.png
195,DJM Short,2018,2018,https://ipl-stats-sports-mechanic.s3.ap-south-1.amazonaws.com/ipl/playerimages/D%27Arcy%20Short.png
196,DL Chahar,2016,2026,https://ipl-stats-sports-mechanic.s3.ap-south-1.amazonaws.com/ipl/playerimages/Deepak%20Chahar.png
197,DL Vettori,2008,2012,https://ipl-stats-sports-mechanic.s3.ap-south-1.amazonaws.com/ipl/playerimages/Daniel%20Vettori.png
198,DM Bravo,2017,2017,https://ipl-stats-sports-mechanic.s3.ap-south-1.amazonaws.com/ipl/playerimages/Dwayne%20Bravo.png
199,DNT Zoysa,2008,2008,https://ipl-stats-sports-mechanic.s3.ap-south-1.amazonaws.com/ipl/playerimages/Nuwan%20Zoysa.png
200,DP Conway,2022,2025,https://ipl-stats-sports-mechanic.s3.ap-south-1.amazonaws.com/ipl/playerimages/Devon%20Conway.png
201,DP Nannes,2009,2013,https://ipl-stats-sports-mechanic.s3.ap-south-1.amazonaws.com/ipl/playerimages/Dirk%20Nannes.png
202,DP Vijaykumar,2008,2008,https://ipl-stats-sports-mechanic.s3.ap-south-1.amazonaws.com/ipl/playerimages/DP%20Vijaykumar.png
203,DPMD Jayawardene,2008,2013,https://ipl-stats-sports-mechanic.s3.ap-south-1.amazonaws.com/ipl/playerimages/Mahela%20Jayawardene.png
204,DR Martyn,2010,2010,https://ipl-stats-sports-mechanic.s3.ap-south-1.amazonaws.com/ipl/playerimages/Damien%20Martyn.png
205,DR Sams,2021,2023,https://ipl-stats-sports-mechanic.s3.ap-south-1.amazonaws.com/ipl/playerimages/Daniel%20Sams.png
206,DR Shorey,2018,2019,https://ipl-stats-sports-mechanic.s3.ap-south-1.amazonaws.com/ipl/playerimages/Devdutt%20Shorey.png
207,DR Smith,2008,2017,https://ipl-stats-sports-mechanic.s3.ap-south-1.amazonaws.com/ipl/playerimages/Dwayne%20Smith.png
208,DS Kulkarni,2008,2021,https://ipl-stats-sports-mechanic.s3.ap-south-1.amazonaws.com/ipl/playerimages/Dhawal%20Kulkarni.png
209,DS Lehmann,2008,2008,https://ipl-stats-sports-mechanic.s3.ap-south-1.amazonaws.com/ipl/playerimages/Darren%20Lehmann.png
210,DS Rathi,2025,2026,https://www.espncricinfo.com/cricketers/digvesh-rathi-1460529
211,DT Christian,2011,2021,https://ipl-stats-sports-mechanic.s3.ap-south-1.amazonaws.com/ipl/playerimages/Dan%20Christian.png
212,DT Patil,2008,2008,https://ipl-stats-sports-mechanic.s3.ap-south-1.amazonaws.com/ipl/playerimages/Dhawal%20Patil.png
213,DV Malewar,2026,2026,https://ipl-stats-sports-mechanic.s3.ap-south-1.amazonaws.com/ipl/playerimages/Dhruv%20Malewar.png
214,DW Steyn,2008,2021,https://ipl-stats-sports-mechanic.s3.ap-south-1.amazonaws.com/ipl/playerimages/Dale%20Steyn.png
215,Dhruv Jurel,2023,2026,https://ipl-stats-sports-mechanic.s3.ap-south-1.amazonaws.com/ipl/playerimages/Dhruv%20Jurel.png
216,E Lewis,2018,2022,https://ipl-stats-sports-mechanic.s3.ap-south-1.amazonaws.com/ipl/playerimages/Evin%20Lewis.png
217,E Malinga,2025,2026,https://ipl-stats-sports-mechanic.s3.ap-south-1.amazonaws.com/ipl/playerimages/Eshan%20Malinga.png
218,EJG Morgan,2010,2021,https://ipl-stats-sports-mechanic.s3.ap-south-1.amazonaws.com/ipl/playerimages/Eoin%20Morgan.png
219,ER Dwivedi,2016,2016,https://ipl-stats-sports-mechanic.s3.ap-south-1.amazonaws.com/ipl/playerimages/Eklavya%20Dwivedi.png
220,F Behardien,2016,2016,https://ipl-stats-sports-mechanic.s3.ap-south-1.amazonaws.com/ipl/playerimages/Farhaan%20Behardien.png
221,F du Plessis,2011,2025,https://ipl-stats-sports-mechanic.s3.ap-south-1.amazonaws.com/ipl/playerimages/Faf%20Du%20Plessis.png
222,FA Allen,2021,2022,https://ipl-stats-sports-mechanic.s3.ap-south-1.amazonaws.com/ipl/playerimages/Fabian%20Allen.png
223,FH Allen,2026,2026,https://ipl-stats-sports-mechanic.s3.ap-south-1.amazonaws.com/ipl/playerimages/Finn%20Allen.png
224,FH Edwards,2009,2009,https://ipl-stats-sports-mechanic.s3.ap-south-1.amazonaws.com/ipl/playerimages/Fidel%20Edwards.png
225,FY Fazal,2010,2011,https://ipl-stats-sports-mechanic.s3.ap-south-1.amazonaws.com/ipl/playerimages/Farhan%20Yousuf.png
226,Fazalhaq Farooqi,2022,2025,https://www.espncricinfo.com/cricketers/fazalhaq-farooqi-974175
227,G Coetzee,2024,2025,https://www.espncricinfo.com/cricketers/gerald-coetzee-596010
228,G Gambhir,2008,2018,https://documents.iplt20.com/playerheadshot/ipl/284/84.png
229,GB Hogg,2012,2016,https://ipl-stats-sports-mechanic.s3.ap-south-1.amazonaws.com/ipl/playerimages/Brad%20Hogg.png
230,GC Smith,2008,2011,https://ipl-stats-sports-mechanic.s3.ap-south-1.amazonaws.com/ipl/playerimages/Graeme%20Smith.png
231,GC Viljoen,2019,2019,https://ipl-stats-sports-mechanic.s3.ap-south-1.amazonaws.com/ipl/playerimages/Hardus%20Viljoen.png
232,GD McGrath,2008,2008,https://ipl-stats-sports-mechanic.s3.ap-south-1.amazonaws.com/ipl/playerimages/Glenn%20McGrath.png
233,GD Phillips,2021,2026,https://ipl-stats-sports-mechanic.s3.ap-south-1.amazonaws.com/ipl/playerimages/Glenn%20Phillips.png
234,GF Linde,2026,2026,https://ipl-stats-sports-mechanic.s3.ap-south-1.amazonaws.com/ipl/playerimages/George%20Linde.png
235,GH Vihari,2013,2019,https://ipl-stats-sports-mechanic.s3.ap-south-1.amazonaws.com/ipl/playerimages/Hanuma%20Vihari.png
236,GHS Garton,2021,2021,https://ipl-stats-sports-mechanic.s3.ap-south-1.amazonaws.com/ipl/playerimages/George%20Garton.png
237,GJ Bailey,2009,2016,https://ipl-stats-sports-mechanic.s3.ap-south-1.amazonaws.com/ipl/playerimages/George%20Bailey.png
238,GJ Maxwell,2012,2025,https://ipl-stats-sports-mechanic.s3.ap-south-1.amazonaws.com/ipl/playerimages/Glenn%20Maxwell.png
239,GR Napier,2009,2009,https://ipl-stats-sports-mechanic.s3.ap-south-1.amazonaws.com/ipl/playerimages/Graham%20Napier.png
240,GS Sandhu,2015,2015,https://ipl-stats-sports-mechanic.s3.ap-south-1.amazonaws.com/ipl/playerimages/Gurkeerat%20Sandhu.png
241,Gagandeep Singh,2008,2008,https://ipl-stats-sports-mechanic.s3.ap-south-1.amazonaws.com/ipl/playerimages/Gagandeep%20Singh.png
242,Gulbadin Naib,2024,2024,https://ipl-stats-sports-mechanic.s3.ap-south-1.amazonaws.com/ipl/playerimages/Gulbadin%20Naib.png
243,Gurjapneet Singh,2026,2026,https://ipl-stats-sports-mechanic.s3.ap-south-1.amazonaws.com/ipl/playerimages/Gurjapneet%20Singh.png
244,Gurkeerat Singh,2012,2021,https://ipl-stats-sports-mechanic.s3.ap-south-1.amazonaws.com/ipl/playerimages/Gurkeerat%20Singh.png
245,Gurnoor Brar,2023,2023,https://ipl-stats-sports-mechanic.s3.ap-south-1.amazonaws.com/ipl/playerimages/Gurnoor%20Brar.png
246,H Das,2008,2008,https://ipl-stats-sports-mechanic.s3.ap-south-1.amazonaws.com/ipl/playerimages/Hrishikesh%20Das.png
247,H Klaasen,2018,2026,https://www.espncricinfo.com/cricketers/heinrich-klaasen-436757
248,H Sharma,2023,2024,https://ipl-stats-sports-mechanic.s3.ap-south-1.amazonaws.com/ipl/playerimages/Himanshu%20Sharma.png
249,HC Brook,2023,2023,https://ipl-stats-sports-mechanic.s3.ap-south-1.amazonaws.com/ipl/playerimages/Harry%20Brook.png
250,HE van der Dussen,2022,2022,https://ipl-stats-sports-mechanic.s3.ap-south-1.amazonaws.com/ipl/playerimages/Rassie%20van%20der%20Dussen.png
251,HF Gurney,2019,2019,https://ipl-stats-sports-mechanic.s3.ap-south-1.amazonaws.com/ipl/playerimages/Harry%20Gurney.png
252,HH Gibbs,2008,2012,https://ipl-stats-sports-mechanic.s3.ap-south-1.amazonaws.com/ipl/playerimages/Herschelle%20Gibbs.png
253,HH Pandya,2015,2026,https://ipl-stats-sports-mechanic.s3.ap-south-1.amazonaws.com/ipl/playerimages/Hardik%20Pandya.png
254,HM Amla,2016,2017,https://ipl-stats-sports-mechanic.s3.ap-south-1.amazonaws.com/ipl/playerimages/Hashim%20Amla.png
255,HR Shokeen,2022,2023,https://ipl-stats-sports-mechanic.s3.ap-south-1.amazonaws.com/ipl/playerimages/Harpreet%20Singh%20Bhatia.png
256,HV Patel,2012,2026,https://ipl-stats-sports-mechanic.s3.ap-south-1.amazonaws.com/ipl/playerimages/Harshal%20Patel.png
257,Harbhajan Singh,2008,2021,https://ipl-stats-sports-mechanic.s3.ap-south-1.amazonaws.com/ipl/playerimages/Harbhajan%20Singh.png
258,Harmeet Singh,2009,2013,https://ipl-stats-sports-mechanic.s3.ap-south-1.amazonaws.com/ipl/playerimages/Harmeet%20Singh.png
259,Harmeet Singh (2),2013,2013,https://ipl-stats-sports-mechanic.s3.ap-south-1.amazonaws.com/ipl/playerimages/Harmeet%20Singh.png
260,Harpreet Brar,2019,2026,https://www.espncricinfo.com/cricketers/harpreet-brar-1168641
261,Harpreet Singh,2011,2024,https://ipl-stats-sports-mechanic.s3.ap-south-1.amazonaws.com/ipl/playerimages/Harpreet%20Singh.png
262,Harsh Dubey,2025,2026,https://ipl-stats-sports-mechanic.s3.ap-south-1.amazonaws.com/ipl/playerimages/Harsh%20Dubey.png
263,Harshit Rana,2022,2025,https://ipl-stats-sports-mechanic.s3.ap-south-1.amazonaws.com/ipl/playerimages/Harshit%20Rana.png
264,Himmat Singh,2025,2026,https://www.espncricinfo.com/cricketers/himmat-singh-805235
265,I Malhotra,2011,2011,https://ipl-stats-sports-mechanic.s3.ap-south-1.amazonaws.com/ipl/playerimages/Ishan%20Malhotra.png
266,I Sharma,2008,2025,https://www.espncricinfo.com/cricketers/ishant-sharma-236779
267,I Udana,2021,2021,https://ipl-stats-sports-mechanic.s3.ap-south-1.amazonaws.com/ipl/playerimages/Isuru%20Udana.png
268,IC Pandey,2013,2015,https://ipl-stats-sports-mechanic.s3.ap-south-1.amazonaws.com/ipl/playerimages/Ishwar%20Chandra%20Pandey.png
269,IC Porel,2021,2021,https://ipl-stats-sports-mechanic.s3.ap-south-1.amazonaws.com/ipl/playerimages/Ishan%20Porel.png
270,IK Pathan,2008,2017,https://ipl-stats-sports-mechanic.s3.ap-south-1.amazonaws.com/ipl/playerimages/Irfan%20Pathan.png
271,IR Jaggi,2011,2017,https://ipl-stats-sports-mechanic.s3.ap-south-1.amazonaws.com/ipl/playerimages/Rishi%20Jaggi.png
272,IS Sodhi,2018,2019,https://ipl-stats-sports-mechanic.s3.ap-south-1.amazonaws.com/ipl/playerimages/Ish%20Sodhi.png
273,Imran Tahir,2014,2021,https://ipl-stats-sports-mechanic.s3.ap-south-1.amazonaws.com/ipl/playerimages/Imran%20Tahir.png
274,Iqbal Abdulla,2008,2017,https://ipl-stats-sports-mechanic.s3.ap-south-1.amazonaws.com/ipl/playerimages/Iqbal%20Abdulla.png
275,Ishan Kishan,2016,2026,https://ipl-stats-sports-mechanic.s3.ap-south-1.amazonaws.com/ipl/playerimages/Ishan%20Kishan.png
276,J Arunkumar,2008,2008,https://ipl-stats-sports-mechanic.s3.ap-south-1.amazonaws.com/ipl/playerimages/Arunkumar%20Jayasimha.png
277,J Botha,2009,2015,https://ipl-stats-sports-mechanic.s3.ap-south-1.amazonaws.com/ipl/playerimages/Johan%20Botha.png
278,J Fraser-McGurk,2024,2025,https://ipl-stats-sports-mechanic.s3.ap-south-1.amazonaws.com/ipl/playerimages/Jake%20Fraser-McGurk.png
279,J Little,2023,2024,https://ipl-stats-sports-mechanic.s3.ap-south-1.amazonaws.com/ipl/playerimages/Josh%20Little.png
280,J Overton,2025,2026,https://www.espncricinfo.com/cricketers/jamie-overton-510530
281,J Suchith,2015,2022,https://ipl-stats-sports-mechanic.s3.ap-south-1.amazonaws.com/ipl/playerimages/Jagadeesha%20Suchith.png
282,J Syed Mohammad,2011,2013,https://ipl-stats-sports-mechanic.s3.ap-south-1.amazonaws.com/ipl/playerimages/Syed%20Mohammad.png
283,J Theron,2010,2015,https://ipl-stats-sports-mechanic.s3.ap-south-1.amazonaws.com/ipl/playerimages/Rusty%20Theron.png
284,J Yadav,2015,2023,https://www.espncricinfo.com/cricketers/jayant-yadav-447587
285,JA Duffy,2026,2026,https://ipl-stats-sports-mechanic.s3.ap-south-1.amazonaws.com/ipl/playerimages/Josh%20Duffy.png
286,JA Morkel,2008,2016,https://ipl-stats-sports-mechanic.s3.ap-south-1.amazonaws.com/ipl/playerimages/Albie%20Morkel.png
287,JA Richardson,2021,2024,https://ipl-stats-sports-mechanic.s3.ap-south-1.amazonaws.com/ipl/playerimages/Jayden%20Richardson.png
288,JC Archer,2018,2026,https://ipl-stats-sports-mechanic.s3.ap-south-1.amazonaws.com/ipl/playerimages/Jofra%20Archer.png
289,JC Buttler,2016,2026,https://ipl-stats-sports-mechanic.s3.ap-south-1.amazonaws.com/ipl/playerimages/Jos%20Buttler.png
290,JD Ryder,2009,2012,https://ipl-stats-sports-mechanic.s3.ap-south-1.amazonaws.com/ipl/playerimages/Jesse%20Ryder.png
291,JD Unadkat,2010,2026,https://ipl-stats-sports-mechanic.s3.ap-south-1.amazonaws.com/ipl/playerimages/Jaydev%20Unadkat.png
292,JDP Oram,2008,2013,https://ipl-stats-sports-mechanic.s3.ap-south-1.amazonaws.com/ipl/playerimages/Jacob%20Oram.png
293,JDS Neesham,2014,2022,https://ipl-stats-sports-mechanic.s3.ap-south-1.amazonaws.com/ipl/playerimages/Jimmy%20Neesham.png
294,JE Root,2023,2023,https://ipl-stats-sports-mechanic.s3.ap-south-1.amazonaws.com/ipl/playerimages/Joe%20Root.png
295,JE Taylor,2011,2011,https://ipl-stats-sports-mechanic.s3.ap-south-1.amazonaws.com/ipl/playerimages/Jerome%20Taylor.png
296,JEC Franklin,2011,2012,https://ipl-stats-sports-mechanic.s3.ap-south-1.amazonaws.com/ipl/playerimages/James%20Franklin.png
297,JG Bethell,2025,2026,https://ipl-stats-sports-mechanic.s3.ap-south-1.amazonaws.com/ipl/playerimages/Jacob%20Bethell.png
298,JH Kallis,2008,2014,https://ipl-stats-sports-mechanic.s3.ap-south-1.amazonaws.com/ipl/playerimages/Jacques%20Kallis.png
299,JJ Bumrah,2013,2026,https://ipl-stats-sports-mechanic.s3.ap-south-1.amazonaws.com/ipl/playerimages/Jasprit%20Bumrah.png
300,JJ Roy,2017,2023,https://ipl-stats-sports-mechanic.s3.ap-south-1.amazonaws.com/ipl/playerimages/Jason%20Roy.png
301,JJ van der Wath,2011,2011,https://ipl-stats-sports-mechanic.s3.ap-south-1.amazonaws.com/ipl/playerimages/Johan%20van%20der%20Wath.png
302,JL Denly,2019,2019,https://ipl-stats-sports-mechanic.s3.ap-south-1.amazonaws.com/ipl/playerimages/Joe%20Denly.png
303,JL Pattinson,2021,2021,https://ipl-stats-sports-mechanic.s3.ap-south-1.amazonaws.com/ipl/playerimages/James%20Pattinson.png
304,JM Bairstow,2019,2025,https://ipl-stats-sports-mechanic.s3.ap-south-1.amazonaws.com/ipl/playerimages/Jonny%20Bairstow.png
305,JM Cox,2026,2026,https://ipl-stats-sports-mechanic.s3.ap-south-1.amazonaws.com/ipl/playerimages/Jordan%20Cox.png
306,JM Kemp,2010,2010,https://ipl-stats-sports-mechanic.s3.ap-south-1.amazonaws.com/ipl/playerimages/Justin%20Kemp.png
307,JM Sharma,2022,2026,https://ipl-stats-sports-mechanic.s3.ap-south-1.amazonaws.com/ipl/playerimages/Jayant%20Yadav.png
308,JO Holder,2013,2026,https://ipl-stats-sports-mechanic.s3.ap-south-1.amazonaws.com/ipl/playerimages/Jason%20Holder.png
309,JP Behrendorff,2019,2023,https://ipl-stats-sports-mechanic.s3.ap-south-1.amazonaws.com/ipl/playerimages/Jason%20Behrendorff.png
310,JP Duminy,2009,2018,https://ipl-stats-sports-mechanic.s3.ap-south-1.amazonaws.com/ipl/playerimages/Jean-Paul%20Duminy.png
311,JP Faulkner,2011,2017,https://ipl-stats-sports-mechanic.s3.ap-south-1.amazonaws.com/ipl/playerimages/James%20Faulkner.png
312,JP Inglis,2025,2026,https://ipl-stats-sports-mechanic.s3.ap-south-1.amazonaws.com/ipl/playerimages/Josh%20Inglis.png
313,JPR Scantlebury-Searles,2018,2018,https://ipl-stats-sports-mechanic.s3.ap-south-1.amazonaws.com/ipl/playerimages/Javelle%20Glenn.png
314,JR Hazlewood,2021,2026,https://ipl-stats-sports-mechanic.s3.ap-south-1.amazonaws.com/ipl/playerimages/Josh%20Hazlewood.png
315,JR Hopes,2008,2011,https://ipl-stats-sports-mechanic.s3.ap-south-1.amazonaws.com/ipl/playerimages/James%20Hopes.png
316,JR Philippe,2021,2021,https://ipl-stats-sports-mechanic.s3.ap-south-1.amazonaws.com/ipl/playerimages/Josh%20Philippe.png
317,JW Hastings,2014,2016,https://ipl-stats-sports-mechanic.s3.ap-south-1.amazonaws.com/ipl/playerimages/John%20Hastings.png
318,Jalaj S Saxena,2021,2021,https://ipl-stats-sports-mechanic.s3.ap-south-1.amazonaws.com/ipl/playerimages/Jalaj%20Saxena.png
319,Jaskaran Singh,2009,2010,https://ipl-stats-sports-mechanic.s3.ap-south-1.amazonaws.com/ipl/playerimages/Jaskaran%20Singh.png
320,Joginder Sharma,2008,2011,https://ipl-stats-sports-mechanic.s3.ap-south-1.amazonaws.com/ipl/playerimages/Joginder%20Sharma.png
321,K Goel,2008,2010,https://ipl-stats-sports-mechanic.s3.ap-south-1.amazonaws.com/ipl/playerimages/Karan%20Goel.png
322,K Gowtham,2018,2024,https://ipl-stats-sports-mechanic.s3.ap-south-1.amazonaws.com/ipl/playerimages/Krishnappa%20Gowtham.png
323,K Kartikeya,2022,2025,https://ipl-stats-sports-mechanic.s3.ap-south-1.amazonaws.com/ipl/playerimages/Kumar%20Kartikeya.png
324,K Khejroliya,2018,2026,https://www.espncricinfo.com/cricketers/kulwant-khejroliya-1083033
325,K Rabada,2017,2026,https://ipl-stats-sports-mechanic.s3.ap-south-1.amazonaws.com/ipl/playerimages/Kagiso%20Rabada.png
326,K Santokie,2014,2014,https://ipl-stats-sports-mechanic.s3.ap-south-1.amazonaws.com/ipl/playerimages/Krishmar%20Santokie.png
327,K Upadhyay,2012,2013,https://ipl-stats-sports-mechanic.s3.ap-south-1.amazonaws.com/ipl/playerimages/Kaushal%20Upadhyay.png
328,K Yadav,2021,2023,https://ipl-stats-sports-mechanic.s3.ap-south-1.amazonaws.com/ipl/playerimages/Kuldeep%20Yadav.png
329,KA Jamieson,2021,2026,https://ipl-stats-sports-mechanic.s3.ap-south-1.amazonaws.com/ipl/playerimages/Kyle%20Jamieson.png
330,KA Maharaj,2024,2024,https://ipl-stats-sports-mechanic.s3.ap-south-1.amazonaws.com/ipl/playerimages/Keshav%20Maharaj.png
331,KA Pollard,2010,2022,https://ipl-stats-sports-mechanic.s3.ap-south-1.amazonaws.com/ipl/playerimages/Kieron%20Pollard.png
332,KAJ Roach,2010,2010,https://ipl-stats-sports-mechanic.s3.ap-south-1.amazonaws.com/ipl/playerimages/Kemar%20Roach.png
333,KB Arun Karthik,2010,2013,https://ipl-stats-sports-mechanic.s3.ap-south-1.amazonaws.com/ipl/playerimages/Arun%20Karthik.png
334,KC Cariappa,2015,2019,https://ipl-stats-sports-mechanic.s3.ap-south-1.amazonaws.com/ipl/playerimages/KC%20Cariappa.png
335,KC Sangakkara,2008,2013,https://ipl-stats-sports-mechanic.s3.ap-south-1.amazonaws.com/ipl/playerimages/Kumar%20Sangakkara.png
336,KD Karthik,2008,2024,https://ipl-stats-sports-mechanic.s3.ap-south-1.amazonaws.com/ipl/playerimages/Dinesh%20Karthik.png
337,KH Devdhar,2011,2011,https://ipl-stats-sports-mechanic.s3.ap-south-1.amazonaws.com/ipl/playerimages/Kedar%20Devdhar.png
338,KH Pandya,2016,2026,https://ipl-stats-sports-mechanic.s3.ap-south-1.amazonaws.com/ipl/playerimages/Krunal%20Pandya.png
339,KJ Abbott,2016,2016,https://ipl-stats-sports-mechanic.s3.ap-south-1.amazonaws.com/ipl/playerimages/Kyle%20Abbott.png
340,KK Ahmed,2018,2026,https://ipl-stats-sports-mechanic.s3.ap-south-1.amazonaws.com/ipl/playerimages/Khaleel%20Ahmed.png
341,KK Cooper,2012,2014,https://ipl-stats-sports-mechanic.s3.ap-south-1.amazonaws.com/ipl/playerimages/Kyle%20Cooper.png
342,KK Nair,2013,2026,https://www.espncricinfo.com/cricketers/karun-nair-398439
343,KL Nagarkoti,2021,2022,https://ipl-stats-sports-mechanic.s3.ap-south-1.amazonaws.com/ipl/playerimages/Kamlesh%20Nagarkoti.png
344,KL Rahul,2013,2026,https://ipl-stats-sports-mechanic.s3.ap-south-1.amazonaws.com/ipl/playerimages/KL%20Rahul.png
345,KM Asif,2018,2023,https://ipl-stats-sports-mechanic.s3.ap-south-1.amazonaws.com/ipl/playerimages/Mohammad%20Asif.png
346,KM Jadhav,2010,2023,https://ipl-stats-sports-mechanic.s3.ap-south-1.amazonaws.com/ipl/playerimages/Kedar%20Jadhav.png
347,KMA Paul,2019,2021,https://ipl-stats-sports-mechanic.s3.ap-south-1.amazonaws.com/ipl/playerimages/Keemo%20Paul.png
348,KMDN Kulasekara,2011,2012,https://ipl-stats-sports-mechanic.s3.ap-south-1.amazonaws.com/ipl/playerimages/Nuwan%20Kulasekara.png
349,KP Appanna,2009,2012,https://ipl-stats-sports-mechanic.s3.ap-south-1.amazonaws.com/ipl/playerimages/Krishna%20Prasad%20Appanna.png
350,KP Pietersen,2009,2016,https://ipl-stats-sports-mechanic.s3.ap-south-1.amazonaws.com/ipl/playerimages/Kevin%20Pietersen.png
351,KR Mayers,2023,2023,https://ipl-stats-sports-mechanic.s3.ap-south-1.amazonaws.com/ipl/playerimages/Kyle%20Mayers.png
352,KR Sen,2022,2024,https://ipl-stats-sports-mechanic.s3.ap-south-1.amazonaws.com/ipl/playerimages/Kiran%20Sen.png
353,KS Bharat,2021,2023,https://ipl-stats-sports-mechanic.s3.ap-south-1.amazonaws.com/ipl/playerimages/KS%20Bharat.png
354,KS Rathore,2025,2025,https://ipl-stats-sports-mechanic.s3.ap-south-1.amazonaws.com/ipl/playerimages/Kunal%20Rathore.png
355,KS Sharma,2022,2023,https://ipl-stats-sports-mechanic.s3.ap-south-1.amazonaws.com/ipl/playerimages/Kartik%20Sharma.png
356,KS Williamson,2015,2024,https://ipl-stats-sports-mechanic.s3.ap-south-1.amazonaws.com/ipl/playerimages/Kane%20Williamson.png
357,KT Maphaka,2024,2025,https://www.espncricinfo.com/cricketers/kwena-maphaka-1294342
358,KV Sharma,2009,2025,https://ipl-stats-sports-mechanic.s3.ap-south-1.amazonaws.com/ipl/playerimages/Karan%20Sharma.png
359,KW Richardson,2013,2021,https://ipl-stats-sports-mechanic.s3.ap-south-1.amazonaws.com/ipl/playerimages/Kane%20Richardson.png
360,Kamran Akmal,2008,2008,https://ipl-stats-sports-mechanic.s3.ap-south-1.amazonaws.com/ipl/playerimages/Kamran%20Akmal.png
361,Kamran Khan,2009,2011,https://ipl-stats-sports-mechanic.s3.ap-south-1.amazonaws.com/ipl/playerimages/Kamran%20Khan.png
362,Karanveer Singh,2014,2015,https://ipl-stats-sports-mechanic.s3.ap-south-1.amazonaws.com/ipl/playerimages/Karanveer%20Singh.png
363,Karim Janat,2025,2025,https://www.espncricinfo.com/cricketers/karim-janat-793467
364,Kartik Sharma,2026,2026,https://ipl-stats-sports-mechanic.s3.ap-south-1.amazonaws.com/ipl/playerimages/Kartik%20Sharma.png
365,Kartik Tyagi,2021,2026,https://ipl-stats-sports-mechanic.s3.ap-south-1.amazonaws.com/ipl/playerimages/Kartik%20Tyagi.png
366,Krish Bhagat,2026,2026,https://ipl-stats-sports-mechanic.s3.ap-south-1.amazonaws.com/ipl/playerimages/Krish%20Bhagat.png
367,Kuldeep Yadav,2016,2026,https://www.espncricinfo.com/cricketers/kuldeep-yadav-559235
368,Kumar Kushagra,2024,2026,https://www.espncricinfo.com/cricketers/kumar-kushagra-1207295
369,L Ablish,2010,2011,https://ipl-stats-sports-mechanic.s3.ap-south-1.amazonaws.com/ipl/playerimages/L%20Ablish.png
370,L Balaji,2008,2014,https://ipl-stats-sports-mechanic.s3.ap-south-1.amazonaws.com/ipl/playerimages/Lakshmipathy%20Balaji.png
371,L Ngidi,2018,2026,https://ipl-stats-sports-mechanic.s3.ap-south-1.amazonaws.com/ipl/playerimages/Lungi%20Ngidi.png
372,L Ronchi,2008,2009,https://ipl-stats-sports-mechanic.s3.ap-south-1.amazonaws.com/ipl/playerimages/Luke%20Ronchi.png
373,L Wood,2024,2024,https://ipl-stats-sports-mechanic.s3.ap-south-1.amazonaws.com/ipl/playerimages/Luke%20Wood.png
374,LA Carseldine,2009,2009,https://ipl-stats-sports-mechanic.s3.ap-south-1.amazonaws.com/ipl/playerimages/Lee%20Carseldine.png
375,LA Pomersbach,2008,2013,https://ipl-stats-sports-mechanic.s3.ap-south-1.amazonaws.com/ipl/playerimages/Luke%20Pomersbach.png
376,LB Williams,2024,2024,https://ipl-stats-sports-mechanic.s3.ap-south-1.amazonaws.com/ipl/playerimages/Lockie%20Ferguson.png
377,LE Plunkett,2018,2018,https://ipl-stats-sports-mechanic.s3.ap-south-1.amazonaws.com/ipl/playerimages/Liam%20Plunkett.png
378,LG Pretorius,2026,2026,https://ipl-stats-sports-mechanic.s3.ap-south-1.amazonaws.com/ipl/playerimages/Lungi%20Pretorius.png
379,LH Ferguson,2017,2026,https://ipl-stats-sports-mechanic.s3.ap-south-1.amazonaws.com/ipl/playerimages/Lockie%20Ferguson.png
380,LI Meriwala,2021,2021,https://ipl-stats-sports-mechanic.s3.ap-south-1.amazonaws.com/ipl/playerimages/Lukman%20Meriwala.png
381,LJ Wright,2012,2013,https://ipl-stats-sports-mechanic.s3.ap-south-1.amazonaws.com/ipl/playerimages/Luke%20Wright.png
382,LMP Simmons,2014,2017,https://ipl-stats-sports-mechanic.s3.ap-south-1.amazonaws.com/ipl/playerimages/Lendl%20Simmons.png
383,LPC Silva,2008,2008,https://ipl-stats-sports-mechanic.s3.ap-south-1.amazonaws.com/ipl/playerimages/Chamara%20Silva.png
384,LR Shukla,2008,2014,https://ipl-stats-sports-mechanic.s3.ap-south-1.amazonaws.com/ipl/playerimages/Laxmi%20Ratan%20Shukla.png
385,LRPL Taylor,2008,2014,https://ipl-stats-sports-mechanic.s3.ap-south-1.amazonaws.com/ipl/playerimages/Ross%20Taylor.png
386,LS Livingstone,2019,2026,https://ipl-stats-sports-mechanic.s3.ap-south-1.amazonaws.com/ipl/playerimages/Liam%20Livingstone.png
387,Lalit Yadav,2021,2024,https://ipl-stats-sports-mechanic.s3.ap-south-1.amazonaws.com/ipl/playerimages/Lalit%20Yadav.png
388,Liton Das,2023,2023,https://ipl-stats-sports-mechanic.s3.ap-south-1.amazonaws.com/ipl/playerimages/Liton%20Das.png
389,M Ashwin,2016,2023,https://ipl-stats-sports-mechanic.s3.ap-south-1.amazonaws.com/ipl/playerimages/M%20Ashwin.png
390,M Jansen,2021,2026,https://www.espncricinfo.com/cricketers/marco-jansen-696401
391,M Kaif,2008,2012,https://ipl-stats-sports-mechanic.s3.ap-south-1.amazonaws.com/ipl/playerimages/Mohammad%20Kaif.png
392,M Kartik,2008,2014,https://ipl-stats-sports-mechanic.s3.ap-south-1.amazonaws.com/ipl/playerimages/Murali%20Kartik.png
393,M Klinger,2011,2011,https://ipl-stats-sports-mechanic.s3.ap-south-1.amazonaws.com/ipl/playerimages/Michael%20Klinger.png
394,M Manhas,2008,2014,https://ipl-stats-sports-mechanic.s3.ap-south-1.amazonaws.com/ipl/playerimages/Mithun%20Manhas.png
395,M Markande,2018,2026,https://www.espncricinfo.com/cricketers/mayank-markande-1081442
396,M Morkel,2009,2016,https://scores.iplt20.com/ipl/images/default-player-statsImage.png
397,M Muralitharan,2008,2014,https://ipl-stats-sports-mechanic.s3.ap-south-1.amazonaws.com/ipl/playerimages/Muttiah%20Muralitharan.png
398,M Ntini,2008,2008,https://ipl-stats-sports-mechanic.s3.ap-south-1.amazonaws.com/ipl/playerimages/Makhaya%20Ntini.png
399,M Pathirana,2022,2026,https://www.espncricinfo.com/cricketers/matheesha-pathirana-1194795
400,M Prasidh Krishna,2018,2026,https://ipl-stats-sports-mechanic.s3.ap-south-1.amazonaws.com/ipl/playerimages/Prasidh%20Krishna.png
401,M Rawat,2008,2013,https://ipl-stats-sports-mechanic.s3.ap-south-1.amazonaws.com/ipl/playerimages/Mahesh%20Rawat.png
402,M Shahrukh Khan,2021,2026,https://ipl-stats-sports-mechanic.s3.ap-south-1.amazonaws.com/ipl/playerimages/Shahrukh%20Khan.png
403,M Siddharth,2024,2026,https://ipl-stats-sports-mechanic.s3.ap-south-1.amazonaws.com/ipl/playerimages/Manimaran%20Siddharth.png
404,M Theekshana,2022,2025,https://ipl-stats-sports-mechanic.s3.ap-south-1.amazonaws.com/ipl/playerimages/Maheesh%20Theekshana.png
405,M Tiwari,2025,2026,https://www.espncricinfo.com/cricketers/madhav-tiwari-1460385
406,M Vijay,2009,2021,https://ipl-stats-sports-mechanic.s3.ap-south-1.amazonaws.com/ipl/playerimages/Murali%20Vijay.png
407,M Vohra,2013,2023,https://ipl-stats-sports-mechanic.s3.ap-south-1.amazonaws.com/ipl/playerimages/Manan%20Vohra.png
408,M de Lange,2012,2015,https://ipl-stats-sports-mechanic.s3.ap-south-1.amazonaws.com/ipl/playerimages/Marchant%20de%20Lange.png
409,MA Agarwal,2011,2025,https://ipl-stats-sports-mechanic.s3.ap-south-1.amazonaws.com/ipl/playerimages/Mayank%20Agarwal.png
410,MA Khote,2008,2008,https://ipl-stats-sports-mechanic.s3.ap-south-1.amazonaws.com/ipl/playerimages/Mehul%20Khote.png
411,MA Starc,2014,2026,https://ipl-stats-sports-mechanic.s3.ap-south-1.amazonaws.com/ipl/playerimages/Mitchell%20Starc.png
412,MA Wood,2018,2023,https://ipl-stats-sports-mechanic.s3.ap-south-1.amazonaws.com/ipl/playerimages/Mark%20Wood.png
413,MB Parmar,2010,2010,https://ipl-stats-sports-mechanic.s3.ap-south-1.amazonaws.com/ipl/playerimages/Mrunal%20Parmar.png
414,MC Henriques,2009,2021,https://ipl-stats-sports-mechanic.s3.ap-south-1.amazonaws.com/ipl/playerimages/Moises%20Henriques.png
415,MC Juneja,2013,2013,https://ipl-stats-sports-mechanic.s3.ap-south-1.amazonaws.com/ipl/playerimages/Manprit%20Juneja.png
416,MD Choudhary,2026,2026,https://ipl-stats-sports-mechanic.s3.ap-south-1.amazonaws.com/ipl/playerimages/Mukesh%20Choudhary.png
417,MD Mishra,2010,2012,https://ipl-stats-sports-mechanic.s3.ap-south-1.amazonaws.com/ipl/playerimages/Manvinder%20Bisla.png
418,MD Shanaka,2023,2026,https://ipl-stats-sports-mechanic.s3.ap-south-1.amazonaws.com/ipl/playerimages/Dasun%20Shanaka.png
419,MDKJ Perera,2013,2013,https://ipl-stats-sports-mechanic.s3.ap-south-1.amazonaws.com/ipl/playerimages/Kusal%20Perera.png
420,MEK Hussey,2008,2015,"https://img1.hscicdn.com/image/upload/f_auto,t_ds_square_w_320,q_50/lsci/db/PICTURES/CMS/319700/319708.1.png"
421,MF Maharoof,2008,2010,https://ipl-stats-sports-mechanic.s3.ap-south-1.amazonaws.com/ipl/playerimages/Farveez%20Maharoof.png
422,MG Bracewell,2023,2023,https://ipl-stats-sports-mechanic.s3.ap-south-1.amazonaws.com/ipl/playerimages/Michael%20Bracewell.png
423,MG Johnson,2013,2018,https://ipl-stats-sports-mechanic.s3.ap-south-1.amazonaws.com/ipl/playerimages/Mitchell%20Johnson.png
424,MG Neser,2013,2013,https://ipl-stats-sports-mechanic.s3.ap-south-1.amazonaws.com/ipl/playerimages/Michael%20Neser.png
425,MJ Clarke,2012,2012,https://ipl-stats-sports-mechanic.s3.ap-south-1.amazonaws.com/ipl/playerimages/Michael%20Clarke.png
426,MJ Guptill,2016,2019,https://ipl-stats-sports-mechanic.s3.ap-south-1.amazonaws.com/ipl/playerimages/Martin%20Guptill.png
427,MJ Henry,2017,2026,https://ipl-stats-sports-mechanic.s3.ap-south-1.amazonaws.com/ipl/playerimages/Matt%20Henry.png
428,MJ Lumb,2010,2011,https://ipl-stats-sports-mechanic.s3.ap-south-1.amazonaws.com/ipl/playerimages/Michael%20Lumb.png
429,MJ McClenaghan,2015,2019,https://ipl-stats-sports-mechanic.s3.ap-south-1.amazonaws.com/ipl/playerimages/Mitchell%20McClenaghan.png
430,MJ Owen,2025,2025,https://ipl-stats-sports-mechanic.s3.ap-south-1.amazonaws.com/ipl/playerimages/Matt%20Owen.png
431,MJ Santner,2019,2026,https://ipl-stats-sports-mechanic.s3.ap-south-1.amazonaws.com/ipl/playerimages/Mitchell%20Santner.png
432,MJ Suthar,2024,2026,https://www.espncricinfo.com/cricketers/manav-suthar-1175426
433,MK Lomror,2018,2025,https://ipl-stats-sports-mechanic.s3.ap-south-1.amazonaws.com/ipl/playerimages/Mahipal%20Lomror.png
434,MK Pandey,2008,2026,https://ipl-stats-sports-mechanic.s3.ap-south-1.amazonaws.com/ipl/playerimages/Manish%20Pandey.png
435,MK Tiwary,2008,2018,https://ipl-stats-sports-mechanic.s3.ap-south-1.amazonaws.com/ipl/playerimages/Manoj%20Tiwary.png
436,ML Hayden,2008,2010,"https://img1.hscicdn.com/image/upload/f_auto,t_ds_w_1280,q_80/lsci/db/PICTURES/CMS/319700/319706.png"
437,MM Ali,2018,2025,https://ipl-stats-sports-mechanic.s3.ap-south-1.amazonaws.com/ipl/playerimages/Moeen%20Ali.png
438,MM Patel,2008,2017,https://ipl-stats-sports-mechanic.s3.ap-south-1.amazonaws.com/ipl/playerimages/Munaf%20Patel.png
439,MM Sharma,2013,2025,https://ipl-stats-sports-mechanic.s3.ap-south-1.amazonaws.com/ipl/playerimages/Mohit%20Sharma.png
440,MN Samuels,2012,2017,https://ipl-stats-sports-mechanic.s3.ap-south-1.amazonaws.com/ipl/playerimages/Marlon%20Samuels.png
441,MN van Wyk,2009,2009,https://ipl-stats-sports-mechanic.s3.ap-south-1.amazonaws.com/ipl/playerimages/Morne%20van%20Wyk.png
442,MP Breetzke,2025,2025,https://ipl-stats-sports-mechanic.s3.ap-south-1.amazonaws.com/ipl/playerimages/Matthew%20Breetzke.png
443,MP Stoinis,2016,2026,https://ipl-stats-sports-mechanic.s3.ap-south-1.amazonaws.com/ipl/playerimages/Marcus%20Stoinis.png
444,MP Yadav,2024,2026,https://www.espncricinfo.com/cricketers/mayank-yadav-1292563
445,MR Marsh,2010,2026,https://ipl-stats-sports-mechanic.s3.ap-south-1.amazonaws.com/ipl/playerimages/Mitchell%20Marsh.png
446,MS Bhandage,2025,2025,https://ipl-stats-sports-mechanic.s3.ap-south-1.amazonaws.com/ipl/playerimages/Mohit%20Bhandage.png
447,MS Bisla,2010,2015,https://ipl-stats-sports-mechanic.s3.ap-south-1.amazonaws.com/ipl/playerimages/Manvinder%20Bisla.png
448,MS Dhoni,2008,2025,https://ipl-stats-sports-mechanic.s3.ap-south-1.amazonaws.com/ipl/playerimages/MS%20Dhoni.png
449,MS Gony,2008,2017,https://ipl-stats-sports-mechanic.s3.ap-south-1.amazonaws.com/ipl/playerimages/Manpreet%20Gony.png
450,MS Wade,2011,2024,https://ipl-stats-sports-mechanic.s3.ap-south-1.amazonaws.com/ipl/playerimages/Matthew%20Wade.png
451,MV Boucher,2008,2011,https://ipl-stats-sports-mechanic.s3.ap-south-1.amazonaws.com/ipl/playerimages/Mark%20Boucher.png
452,MW Short,2023,2026,https://ipl-stats-sports-mechanic.s3.ap-south-1.amazonaws.com/ipl/playerimages/Matthew%20Short.png
453,Mandeep Singh,2010,2023,https://ipl-stats-sports-mechanic.s3.ap-south-1.amazonaws.com/ipl/playerimages/Mandeep%20Singh.png
454,Mashrafe Mortaza,2009,2009,https://ipl-stats-sports-mechanic.s3.ap-south-1.amazonaws.com/ipl/playerimages/Mashrafe%20Mortaza.png
455,Mayank Dagar,2023,2024,https://ipl-stats-sports-mechanic.s3.ap-south-1.amazonaws.com/ipl/playerimages/Mayank%20Dagar.png
456,Mayank Rawat,2026,2026,https://ipl-stats-sports-mechanic.s3.ap-south-1.amazonaws.com/ipl/playerimages/Mayank%20Rawat.png
457,Milind Kumar,2019,2019,https://ipl-stats-sports-mechanic.s3.ap-south-1.amazonaws.com/ipl/playerimages/Milind%20Kumar.png
458,Misbah-ul-Haq,2008,2008,https://ipl-stats-sports-mechanic.s3.ap-south-1.amazonaws.com/ipl/playerimages/Misbah-ul-Haq.png
459,Mohammad Ashraful,2009,2009,https://ipl-stats-sports-mechanic.s3.ap-south-1.amazonaws.com/ipl/playerimages/Mohammad%20Ashraful.png
460,Mohammad Asif,2008,2008,https://ipl-stats-sports-mechanic.s3.ap-south-1.amazonaws.com/ipl/playerimages/Mohammad%20Asif.png
461,Mohammad Hafeez,2008,2008,https://ipl-stats-sports-mechanic.s3.ap-south-1.amazonaws.com/ipl/playerimages/Mohammad%20Hafeez.png
462,Mohammad Nabi,2017,2024,https://ipl-stats-sports-mechanic.s3.ap-south-1.amazonaws.com/ipl/playerimages/Mohammad%20Nabi.png
463,Mohammed Shami,2013,2026,https://ipl-stats-sports-mechanic.s3.ap-south-1.amazonaws.com/ipl/playerimages/Mohammad%20Shami.png
464,Mohammed Siraj,2017,2026,https://www.espncricinfo.com/cricketers/mohammed-siraj-940973
465,Mohit Rathee,2023,2023,https://www.espncricinfo.com/cricketers/mohit-rathee-1349361
466,Mohsin Khan,2022,2026,https://ipl-stats-sports-mechanic.s3.ap-south-1.amazonaws.com/ipl/playerimages/Mohsin%20Khan.png
467,Monu Kumar,2021,2021,https://ipl-stats-sports-mechanic.s3.ap-south-1.amazonaws.com/ipl/playerimages/Monu%20Kumar.png
468,Mujeeb Ur Rahman,2018,2025,https://ipl-stats-sports-mechanic.s3.ap-south-1.amazonaws.com/ipl/playerimages/Mujeeb%20Ur%20Rahman.png
469,Mukesh Choudhary,2022,2026,https://www.espncricinfo.com/cricketers/mukesh-choudhary-1125688
470,Mukesh Kumar,2023,2026,https://www.espncricinfo.com/cricketers/mukesh-kumar-926851
471,Musheer Khan,2025,2025,https://www.espncricinfo.com/cricketers/musheer-khan-1316430
472,Mustafizur Rahman,2016,2025,https://ipl-stats-sports-mechanic.s3.ap-south-1.amazonaws.com/ipl/playerimages/Mustafizur%20Rahman.png
473,N Burger,2024,2026,https://ipl-stats-sports-mechanic.s3.ap-south-1.amazonaws.com/ipl/playerimages/Nandre%20Burger.png
474,N Jagadeesan,2021,2023,https://ipl-stats-sports-mechanic.s3.ap-south-1.amazonaws.com/ipl/playerimages/N%20Jagadeesan.png
475,N Pooran,2019,2026,https://ipl-stats-sports-mechanic.s3.ap-south-1.amazonaws.com/ipl/playerimages/Nicholas%20Pooran.png
476,N Rana,2016,2026,https://www.espncricinfo.com/cricketers/nitish-rana-604527
477,N Saini,2012,2012,https://ipl-stats-sports-mechanic.s3.ap-south-1.amazonaws.com/ipl/playerimages/Nikhil%20Saini.png
478,N Sindhu,2026,2026,https://ipl-stats-sports-mechanic.s3.ap-south-1.amazonaws.com/ipl/playerimages/Nitish%20Sindhu.png
479,N Thushara,2024,2025,https://www.espncricinfo.com/cricketers/nuwan-thushara-955235
480,N Wadhera,2023,2026,https://www.espncricinfo.com/cricketers/nehal-wadhera-1151273
481,NA Saini,2019,2023,https://ipl-stats-sports-mechanic.s3.ap-south-1.amazonaws.com/ipl/playerimages/Navdeep%20Saini.png
482,NB Singh,2017,2017,https://ipl-stats-sports-mechanic.s3.ap-south-1.amazonaws.com/ipl/playerimages/Nathu%20Singh.png
483,ND Doshi,2010,2011,https://ipl-stats-sports-mechanic.s3.ap-south-1.amazonaws.com/ipl/playerimages/Nilesh%20Doshi.png
484,NJ Maddinson,2014,2015,https://ipl-stats-sports-mechanic.s3.ap-south-1.amazonaws.com/ipl/playerimages/Nic%20Maddinson.png
485,NJ Rimmington,2011,2011,https://ipl-stats-sports-mechanic.s3.ap-south-1.amazonaws.com/ipl/playerimages/Nathan%20Rimmington.png
486,NK Patel,2008,2009,https://ipl-stats-sports-mechanic.s3.ap-south-1.amazonaws.com/ipl/playerimages/Nayan%20Patel.png
487,NL McCullum,2011,2011,https://ipl-stats-sports-mechanic.s3.ap-south-1.amazonaws.com/ipl/playerimages/Nathan%20McCullum.png
488,NLTC Perera,2010,2016,https://ipl-stats-sports-mechanic.s3.ap-south-1.amazonaws.com/ipl/playerimages/Thisara%20Perera.png
489,NM Coulter-Nile,2013,2022,https://ipl-stats-sports-mechanic.s3.ap-south-1.amazonaws.com/ipl/playerimages/Nathan%20Coulter-Nile.png
490,NS Naik,2016,2021,https://ipl-stats-sports-mechanic.s3.ap-south-1.amazonaws.com/ipl/playerimages/Nikhil%20Naik.png
491,NT Ellis,2021,2025,https://www.espncricinfo.com/cricketers/nathan-ellis-826915
492,NV Ojha,2009,2018,https://ipl-stats-sports-mechanic.s3.ap-south-1.amazonaws.com/ipl/playerimages/Naman%20Ojha.png
493,Naman Dhir,2024,2026,https://www.espncricinfo.com/cricketers/naman-dhir-1287032
494,Navdeep Saini,2019,2026,https://ipl-stats-sports-mechanic.s3.ap-south-1.amazonaws.com/ipl/playerimages/Navdeep%20Saini.png
495,Naveen-ul-Haq,2023,2024,https://ipl-stats-sports-mechanic.s3.ap-south-1.amazonaws.com/ipl/playerimages/Naveen-ul-Haq.png
496,Niraj Patel,2008,2009,https://ipl-stats-sports-mechanic.s3.ap-south-1.amazonaws.com/ipl/playerimages/Niraj%20Patel.png
497,Nithish Kumar Reddy,2023,2026,https://ipl-stats-sports-mechanic.s3.ap-south-1.amazonaws.com/ipl/playerimages/Nitish%20Kumar%20Reddy.png
498,Noor Ahmad,2023,2026,https://www.espncricinfo.com/cricketers/noor-ahmad-1182529
499,O Thomas,2019,2019,https://ipl-stats-sports-mechanic.s3.ap-south-1.amazonaws.com/ipl/playerimages/Oshane%20Thomas.png
500,OA Shah,2010,2013,https://ipl-stats-sports-mechanic.s3.ap-south-1.amazonaws.com/ipl/playerimages/Owais%20Shah.png
501,OC McCoy,2022,2023,https://ipl-stats-sports-mechanic.s3.ap-south-1.amazonaws.com/ipl/playerimages/Obed%20McCoy.png
502,OF Smith,2022,2022,https://ipl-stats-sports-mechanic.s3.ap-south-1.amazonaws.com/ipl/playerimages/Owen%20Smith.png
503,P Amarnath,2008,2008,https://ipl-stats-sports-mechanic.s3.ap-south-1.amazonaws.com/ipl/playerimages/Mohinder%20Amarnath.png
504,P Awana,2012,2014,https://ipl-stats-sports-mechanic.s3.ap-south-1.amazonaws.com/ipl/playerimages/Parvinder%20Awana.png
505,P Chopra,2018,2019,https://ipl-stats-sports-mechanic.s3.ap-south-1.amazonaws.com/ipl/playerimages/Prashant%20Chopra.png
506,P Dogra,2010,2013,https://ipl-stats-sports-mechanic.s3.ap-south-1.amazonaws.com/ipl/playerimages/Punit%20Bisht.png
507,P Dubey,2021,2026,https://ipl-stats-sports-mechanic.s3.ap-south-1.amazonaws.com/ipl/playerimages/Pravin%20Dubey.png
508,P Kumar,2008,2017,https://ipl-stats-sports-mechanic.s3.ap-south-1.amazonaws.com/ipl/playerimages/Praveen%20Kumar.png
509,P Negi,2012,2021,https://ipl-stats-sports-mechanic.s3.ap-south-1.amazonaws.com/ipl/playerimages/Pawan%20Negi.png
510,P Nissanka,2026,2026,https://ipl-stats-sports-mechanic.s3.ap-south-1.amazonaws.com/ipl/playerimages/Pathum%20Nissanka.png
511,P Parameswaran,2011,2012,https://ipl-stats-sports-mechanic.s3.ap-south-1.amazonaws.com/ipl/playerimages/P%20Parameswaran.png
512,P Prasanth,2011,2011,https://ipl-stats-sports-mechanic.s3.ap-south-1.amazonaws.com/ipl/playerimages/P%20Prasanth.png
513,P Ray Barman,2019,2019,https://ipl-stats-sports-mechanic.s3.ap-south-1.amazonaws.com/ipl/playerimages/Pradipta%20Ray%20Barman.png
514,P Sahu,2016,2016,https://ipl-stats-sports-mechanic.s3.ap-south-1.amazonaws.com/ipl/playerimages/Pankaj%20Sahu.png
515,P Simran Singh,2019,2026,https://www.espncricinfo.com/cricketers/prabhsimran-singh-1161024
516,P Suyal,2013,2015,https://ipl-stats-sports-mechanic.s3.ap-south-1.amazonaws.com/ipl/playerimages/Prashant%20Suyal.png
517,PA Patel,2008,2019,https://ipl-stats-sports-mechanic.s3.ap-south-1.amazonaws.com/ipl/playerimages/Parthiv%20Patel.png
518,PA Reddy,2012,2013,https://ipl-stats-sports-mechanic.s3.ap-south-1.amazonaws.com/ipl/playerimages/Paidikondala%20Avinash%20Reddy.png
519,PBB Rajapaksa,2022,2023,https://ipl-stats-sports-mechanic.s3.ap-south-1.amazonaws.com/ipl/playerimages/Bhanuka%20Rajapaksa.png
520,PC Valthaty,2009,2013,https://ipl-stats-sports-mechanic.s3.ap-south-1.amazonaws.com/ipl/playerimages/Paul%20Valthaty.png
521,PD Collingwood,2010,2010,https://ipl-stats-sports-mechanic.s3.ap-south-1.amazonaws.com/ipl/playerimages/Paul%20Collingwood.png
522,PD Salt,2023,2026,https://ipl-stats-sports-mechanic.s3.ap-south-1.amazonaws.com/ipl/playerimages/Phil%20Salt.png
523,PH Solanki,2022,2022,https://ipl-stats-sports-mechanic.s3.ap-south-1.amazonaws.com/ipl/playerimages/Prerak%20Mankad.png
524,PHKD Mendis,2025,2025,https://www.espncricinfo.com/cricketers/kamindu-mendis-784373
525,PJ Cummins,2014,2026,https://ipl-stats-sports-mechanic.s3.ap-south-1.amazonaws.com/ipl/playerimages/Pat%20Cummins.png
526,PJ Sangwan,2008,2022,https://ipl-stats-sports-mechanic.s3.ap-south-1.amazonaws.com/ipl/playerimages/Pradeep%20Sangwan.png
527,PK Garg,2021,2023,https://ipl-stats-sports-mechanic.s3.ap-south-1.amazonaws.com/ipl/playerimages/Pavan%20Deshpande.png
528,PM Sarvesh Kumar,2008,2008,https://ipl-stats-sports-mechanic.s3.ap-south-1.amazonaws.com/ipl/playerimages/Sarvesh%20Kumar.png
529,PN Mankad,2022,2023,https://ipl-stats-sports-mechanic.s3.ap-south-1.amazonaws.com/ipl/playerimages/Piyush%20Chawla.png
530,PP Chawla,2008,2024,https://ipl-stats-sports-mechanic.s3.ap-south-1.amazonaws.com/ipl/playerimages/Piyush%20Chawla.png
531,PP Hinge,2026,2026,https://ipl-stats-sports-mechanic.s3.ap-south-1.amazonaws.com/ipl/playerimages/Pratik%20Hinge.png
532,PP Ojha,2008,2015,"https://img1.hscicdn.com/image/upload/f_auto,t_ds_square_w_160/lsci/db/PICTURES/CMS/322600/322694.1.png"
533,PP Shaw,2018,2024,https://ipl-stats-sports-mechanic.s3.ap-south-1.amazonaws.com/ipl/playerimages/Prithvi%20Shaw.png
534,PR Shah,2008,2011,https://ipl-stats-sports-mechanic.s3.ap-south-1.amazonaws.com/ipl/playerimages/Pinal%20Shah.png
535,PR Veer,2026,2026,https://ipl-stats-sports-mechanic.s3.ap-south-1.amazonaws.com/ipl/playerimages/Pranav%20Veer.png
536,PSP Handscomb,2016,2016,https://ipl-stats-sports-mechanic.s3.ap-south-1.amazonaws.com/ipl/playerimages/Peter%20Handscomb.png
537,PV Tambe,2013,2016,https://ipl-stats-sports-mechanic.s3.ap-south-1.amazonaws.com/ipl/playerimages/Pravin%20Tambe.png
538,PVD Chameera,2022,2026,https://ipl-stats-sports-mechanic.s3.ap-south-1.amazonaws.com/ipl/playerimages/Dushmantha%20Chameera.png
539,PVSN Raju,2025,2025,https://ipl-stats-sports-mechanic.s3.ap-south-1.amazonaws.com/ipl/playerimages/Venkatapathy%20Raju.png
540,PWA Mulder,2025,2025,https://www.espncricinfo.com/cricketers/wiaan-mulder-698189
541,PWH de Silva,2021,2025,https://ipl-stats-sports-mechanic.s3.ap-south-1.amazonaws.com/ipl/playerimages/Wanindu%20Hasaranga.png
542,Pankaj Singh,2008,2012,https://ipl-stats-sports-mechanic.s3.ap-south-1.amazonaws.com/ipl/playerimages/Pankaj%20Singh.png
543,Parvez Rasool,2013,2016,https://ipl-stats-sports-mechanic.s3.ap-south-1.amazonaws.com/ipl/playerimages/Parvez%20Rasool.png
544,Prince Yadav,2025,2026,https://www.espncricinfo.com/cricketers/prince-yadav-1350768
545,Priyansh Arya,2025,2026,https://www.espncricinfo.com/cricketers/priyansh-arya-1175456
546,Q de Kock,2013,2026,https://ipl-stats-sports-mechanic.s3.ap-south-1.amazonaws.com/ipl/playerimages/Quinton%20de%20Kock.png
547,R Ashwin,2009,2025,https://www.espncricinfo.com/cricketers/ravichandran-ashwin-26421
548,R Bhatia,2008,2017,https://ipl-stats-sports-mechanic.s3.ap-south-1.amazonaws.com/ipl/playerimages/Rajat%20Bhatia.png
549,R Bishnoi,2009,2009,https://ipl-stats-sports-mechanic.s3.ap-south-1.amazonaws.com/ipl/playerimages/Ravi%20Bishnoi.png
550,R Dhawan,2013,2024,https://ipl-stats-sports-mechanic.s3.ap-south-1.amazonaws.com/ipl/playerimages/Rahul%20Dhawan.png
551,R Dravid,2008,2013,https://ipl-stats-sports-mechanic.s3.ap-south-1.amazonaws.com/ipl/playerimages/Rahul%20Dravid.png
552,R Goyal,2023,2023,https://ipl-stats-sports-mechanic.s3.ap-south-1.amazonaws.com/ipl/playerimages/Ravi%20Goyal.png
553,R McLaren,2010,2013,https://ipl-stats-sports-mechanic.s3.ap-south-1.amazonaws.com/ipl/playerimages/Ryan%20McLaren.png
554,R Minz,2025,2026,https://www.espncricinfo.com/cricketers/robin-minz-1350762
555,R Ninan,2011,2011,https://ipl-stats-sports-mechanic.s3.ap-south-1.amazonaws.com/ipl/playerimages/Rohan%20Ninan.png
556,R Parag,2019,2026,https://www.espncricinfo.com/cricketers/riyan-parag-1079434
557,R Powell,2017,2026,https://www.espncricinfo.com/cricketers/rovman-powell-820351
558,R Rampaul,2013,2014,https://ipl-stats-sports-mechanic.s3.ap-south-1.amazonaws.com/ipl/playerimages/Ravi%20Rampaul.png
559,R Ravindra,2024,2025,https://www.espncricinfo.com/cricketers/rachin-ravindra-959767
560,R Sai Kishore,2022,2026,https://ipl-stats-sports-mechanic.s3.ap-south-1.amazonaws.com/ipl/playerimages/R%20Sai%20Kishore.png
561,R Sanjay Yadav,2022,2022,https://ipl-stats-sports-mechanic.s3.ap-south-1.amazonaws.com/ipl/playerimages/Sanjay%20Yadav.png
562,R Sathish,2010,2016,https://ipl-stats-sports-mechanic.s3.ap-south-1.amazonaws.com/ipl/playerimages/R%20Sathish.png
563,R Sharma,2010,2014,https://ipl-stats-sports-mechanic.s3.ap-south-1.amazonaws.com/ipl/playerimages/Rohit%20Sharma.png
564,R Shepherd,2022,2026,https://www.espncricinfo.com/cricketers/romario-shepherd-677077
565,R Shukla,2012,2014,https://ipl-stats-sports-mechanic.s3.ap-south-1.amazonaws.com/ipl/playerimages/Rahul%20Shukla.png
566,R Smaran,2026,2026,https://ipl-stats-sports-mechanic.s3.ap-south-1.amazonaws.com/ipl/playerimages/Ricky%20Bhui.png
567,R Tewatia,2014,2026,https://www.espncricinfo.com/cricketers/rahul-tewatia-423838
568,R Vinay Kumar,2008,2018,https://ipl-stats-sports-mechanic.s3.ap-south-1.amazonaws.com/ipl/playerimages/Vinay%20Kumar.png
569,RA Bawa,2022,2026,https://ipl-stats-sports-mechanic.s3.ap-south-1.amazonaws.com/ipl/playerimages/Rajvardhan%20Hangargekar.png
570,RA Jadeja,2008,2026,https://ipl-stats-sports-mechanic.s3.ap-south-1.amazonaws.com/ipl/playerimages/Ravindra%20Jadeja.png
571,RA Shaikh,2009,2009,https://ipl-stats-sports-mechanic.s3.ap-south-1.amazonaws.com/ipl/playerimages/Rameez%20Ahmed%20Shaikh.png
572,RA Tripathi,2017,2025,https://ipl-stats-sports-mechanic.s3.ap-south-1.amazonaws.com/ipl/playerimages/Rahul%20Tripathi.png
573,RD Chahar,2017,2026,https://ipl-stats-sports-mechanic.s3.ap-south-1.amazonaws.com/ipl/playerimages/Rahul%20Chahar.png
574,RD Gaikwad,2021,2026,https://ipl-stats-sports-mechanic.s3.ap-south-1.amazonaws.com/ipl/playerimages/Ruturaj%20Gaikwad.png
575,RD Rickelton,2025,2026,https://www.espncricinfo.com/cricketers/ryan-rickelton-605661
576,RE Levi,2012,2012,https://ipl-stats-sports-mechanic.s3.ap-south-1.amazonaws.com/ipl/playerimages/Richard%20Levi.png
577,RE van der Merwe,2009,2013,https://ipl-stats-sports-mechanic.s3.ap-south-1.amazonaws.com/ipl/playerimages/Roelof%20van%20der%20Merwe.png
578,RG More,2015,2015,https://ipl-stats-sports-mechanic.s3.ap-south-1.amazonaws.com/ipl/playerimages/Rahul%20More.png
579,RG Sharma,2008,2026,https://ipl-stats-sports-mechanic.s3.ap-south-1.amazonaws.com/ipl/playerimages/Rohit%20Sharma.png
580,RJ Gleeson,2024,2025,https://ipl-stats-sports-mechanic.s3.ap-south-1.amazonaws.com/ipl/playerimages/Richard%20Gleeson.png
581,RJ Harris,2009,2013,https://ipl-stats-sports-mechanic.s3.ap-south-1.amazonaws.com/ipl/playerimages/Ryan%20Harris.png
582,RJ Peterson,2012,2012,https://ipl-stats-sports-mechanic.s3.ap-south-1.amazonaws.com/ipl/playerimages/Robin%20Peterson.png
583,RJ Quiney,2009,2009,https://ipl-stats-sports-mechanic.s3.ap-south-1.amazonaws.com/ipl/playerimages/Rob%20Quiney.png
584,RJW Topley,2023,2025,https://ipl-stats-sports-mechanic.s3.ap-south-1.amazonaws.com/ipl/playerimages/Reece%20Topley.png
585,RK Bhui,2018,2024,https://ipl-stats-sports-mechanic.s3.ap-south-1.amazonaws.com/ipl/playerimages/Ricky%20Bhui.png
586,RK Singh,2018,2026,https://ipl-stats-sports-mechanic.s3.ap-south-1.amazonaws.com/ipl/playerimages/Ravi%20Kumar%20Singh.png
587,RM Patidar,2021,2026,https://ipl-stats-sports-mechanic.s3.ap-south-1.amazonaws.com/ipl/playerimages/Rinku%20Singh.png
588,RN ten Doeschate,2011,2015,https://ipl-stats-sports-mechanic.s3.ap-south-1.amazonaws.com/ipl/playerimages/Ryan%20ten%20Doeschate.png
589,RP Meredith,2021,2023,https://ipl-stats-sports-mechanic.s3.ap-south-1.amazonaws.com/ipl/playerimages/Riley%20Meredith.png
590,RP Singh,2008,2016,"https://img1.hscicdn.com/image/upload/f_auto,t_ds_square_w_160/lsci/db/PICTURES/CMS/389100/389167.5.png"
591,RR Bhatkal,2012,2012,https://ipl-stats-sports-mechanic.s3.ap-south-1.amazonaws.com/ipl/playerimages/Rohit%20Bhatkal.png
592,RR Bose,2009,2009,https://ipl-stats-sports-mechanic.s3.ap-south-1.amazonaws.com/ipl/playerimages/Ranadeb%20Bose.png
593,RR Pant,2016,2026,https://ipl-stats-sports-mechanic.s3.ap-south-1.amazonaws.com/ipl/playerimages/Rishabh%20Pant.png
594,RR Powar,2008,2012,https://ipl-stats-sports-mechanic.s3.ap-south-1.amazonaws.com/ipl/playerimages/Ramesh%20Powar.png
595,RR Raje,2008,2009,https://ipl-stats-sports-mechanic.s3.ap-south-1.amazonaws.com/ipl/playerimages/Rohit%20Raje.png
596,RR Rossouw,2014,2024,https://ipl-stats-sports-mechanic.s3.ap-south-1.amazonaws.com/ipl/playerimages/Rilee%20Rossouw.png
597,RR Sarwan,2008,2008,https://ipl-stats-sports-mechanic.s3.ap-south-1.amazonaws.com/ipl/playerimages/Ramnaresh%20Sarwan.png
598,RS Bopara,2009,2015,https://ipl-stats-sports-mechanic.s3.ap-south-1.amazonaws.com/ipl/playerimages/Ravi%20Bopara.png
599,RS Gavaskar,2010,2010,https://ipl-stats-sports-mechanic.s3.ap-south-1.amazonaws.com/ipl/playerimages/Rohan%20Gavaskar.png
600,RS Ghosh,2026,2026,https://ipl-stats-sports-mechanic.s3.ap-south-1.amazonaws.com/ipl/playerimages/Ritwik%20Ghosh.png
601,RS Hangargekar,2023,2023,https://ipl-stats-sports-mechanic.s3.ap-south-1.amazonaws.com/ipl/playerimages/Rajvardhan%20Hangargekar.png
602,RS Sodhi,2010,2010,https://ipl-stats-sports-mechanic.s3.ap-south-1.amazonaws.com/ipl/playerimages/Rahul%20Sodhi.png
603,RT Ponting,2008,2013,https://ipl-stats-sports-mechanic.s3.ap-south-1.amazonaws.com/ipl/playerimages/Ricky%20Ponting.png
604,RV Gomez,2011,2013,https://ipl-stats-sports-mechanic.s3.ap-south-1.amazonaws.com/ipl/playerimages/Ryan%20Gomez.png
605,RV Patel,2021,2023,https://ipl-stats-sports-mechanic.s3.ap-south-1.amazonaws.com/ipl/playerimages/Ripal%20Patel.png
606,RV Uthappa,2008,2022,https://ipl-stats-sports-mechanic.s3.ap-south-1.amazonaws.com/ipl/playerimages/Robin%20Uthappa.png
607,RW Price,2011,2011,https://ipl-stats-sports-mechanic.s3.ap-south-1.amazonaws.com/ipl/playerimages/Ray%20Price.png
608,Raghu Sharma,2026,2026,https://ipl-stats-sports-mechanic.s3.ap-south-1.amazonaws.com/ipl/playerimages/Raghu%20Sharma.png
609,Rahmanullah Gurbaz,2023,2025,https://www.espncricinfo.com/cricketers/rahmanullah-gurbaz-974087
610,Ramandeep Singh,2022,2026,https://www.espncricinfo.com/cricketers/ramandeep-singh-1079470
611,Rashid Khan,2017,2026,https://www.espncricinfo.com/cricketers/rashid-khan-793463
612,Rasikh Salam,2019,2026,https://ipl-stats-sports-mechanic.s3.ap-south-1.amazonaws.com/ipl/playerimages/Rasikh%20Salam.png
613,Ravi Bishnoi,2021,2026,https://www.espncricinfo.com/cricketers/ravi-bishnoi-1175441
614,Ravi Singh,2026,2026,https://ipl-stats-sports-mechanic.s3.ap-south-1.amazonaws.com/ipl/playerimages/Ravi%20Singh.png
615,S Anirudha,2008,2014,https://ipl-stats-sports-mechanic.s3.ap-south-1.amazonaws.com/ipl/playerimages/S%20Anirudha.png
616,S Aravind,2011,2017,https://ipl-stats-sports-mechanic.s3.ap-south-1.amazonaws.com/ipl/playerimages/S%20Aravind.png
617,S Arora,2026,2026,https://ipl-stats-sports-mechanic.s3.ap-south-1.amazonaws.com/ipl/playerimages/Sahil%20Arora.png
618,S Badree,2013,2017,https://ipl-stats-sports-mechanic.s3.ap-south-1.amazonaws.com/ipl/playerimages/Samuel%20Badree.png
619,S Badrinath,2008,2013,https://ipl-stats-sports-mechanic.s3.ap-south-1.amazonaws.com/ipl/playerimages/S%20Badrinath.png
620,S Chanderpaul,2008,2008,https://ipl-stats-sports-mechanic.s3.ap-south-1.amazonaws.com/ipl/playerimages/Shivnarine%20Chanderpaul.png
621,S Dhawan,2008,2024,https://ipl-stats-sports-mechanic.s3.ap-south-1.amazonaws.com/ipl/playerimages/Shikhar%20Dhawan.png
622,S Dube,2019,2026,https://www.espncricinfo.com/cricketers/shivam-dube-714451
623,S Gopal,2014,2024,https://www.espncricinfo.com/cricketers/shreyas-gopal-344580
624,S Joseph,2024,2024,https://www.espncricinfo.com/cricketers/shamar-joseph-1356971
625,S Kaul,2013,2022,https://ipl-stats-sports-mechanic.s3.ap-south-1.amazonaws.com/ipl/playerimages/Siddarth%20Kaul.png
626,S Kaushik,2016,2017,https://ipl-stats-sports-mechanic.s3.ap-south-1.amazonaws.com/ipl/playerimages/Sagar%20Kaushik.png
627,S Ladda,2010,2016,https://ipl-stats-sports-mechanic.s3.ap-south-1.amazonaws.com/ipl/playerimages/Shadab%20Jakati.png
628,S Lamichhane,2018,2019,https://ipl-stats-sports-mechanic.s3.ap-south-1.amazonaws.com/ipl/playerimages/Sandeep%20Lamichhane.png
629,S Midhun,2019,2019,https://ipl-stats-sports-mechanic.s3.ap-south-1.amazonaws.com/ipl/playerimages/S%20Midhun.png
630,S Nadeem,2011,2021,https://ipl-stats-sports-mechanic.s3.ap-south-1.amazonaws.com/ipl/playerimages/Shahbaz%20Nadeem.png
631,S Narwal,2010,2013,https://ipl-stats-sports-mechanic.s3.ap-south-1.amazonaws.com/ipl/playerimages/Sumit%20Narwal.png
632,S Rana,2011,2014,https://ipl-stats-sports-mechanic.s3.ap-south-1.amazonaws.com/ipl/playerimages/Saurabh%20Tiwary.png
633,S Randiv,2011,2011,https://ipl-stats-sports-mechanic.s3.ap-south-1.amazonaws.com/ipl/playerimages/Suraj%20Randiv.png
634,S Sandeep Warrier,2019,2024,https://ipl-stats-sports-mechanic.s3.ap-south-1.amazonaws.com/ipl/playerimages/Sandeep%20Warrier.png
635,S Sohal,2008,2011,https://ipl-stats-sports-mechanic.s3.ap-south-1.amazonaws.com/ipl/playerimages/Sukhjinder%20Sohal.png
636,S Sreesanth,2008,2013,https://ipl-stats-sports-mechanic.s3.ap-south-1.amazonaws.com/ipl/playerimages/Sreesanth.png
637,S Sriram,2010,2011,https://ipl-stats-sports-mechanic.s3.ap-south-1.amazonaws.com/ipl/playerimages/S%20Sriram.png
638,S Tyagi,2009,2010,https://ipl-stats-sports-mechanic.s3.ap-south-1.amazonaws.com/ipl/playerimages/Siddharth%20Tyagi.png
639,S Vidyut,2008,2008,https://ipl-stats-sports-mechanic.s3.ap-south-1.amazonaws.com/ipl/playerimages/S%20Vidyut.png
640,SA Abbott,2015,2022,https://ipl-stats-sports-mechanic.s3.ap-south-1.amazonaws.com/ipl/playerimages/Sean%20Abbott.png
641,SA Asnodkar,2008,2011,https://ipl-stats-sports-mechanic.s3.ap-south-1.amazonaws.com/ipl/playerimages/Swapnil%20Asnodkar.png
642,SA Yadav,2012,2026,https://ipl-stats-sports-mechanic.s3.ap-south-1.amazonaws.com/ipl/playerimages/Shreyas%20Iyer.png
643,SB Bangar,2008,2009,https://ipl-stats-sports-mechanic.s3.ap-south-1.amazonaws.com/ipl/playerimages/Sanjay%20Bangar.png
644,SB Dubey,2024,2026,https://ipl-stats-sports-mechanic.s3.ap-south-1.amazonaws.com/ipl/playerimages/Shashank%20Singh.png
645,SB Jakati,2009,2017,https://ipl-stats-sports-mechanic.s3.ap-south-1.amazonaws.com/ipl/playerimages/Shadab%20Jakati.png
646,SB Joshi,2008,2008,https://ipl-stats-sports-mechanic.s3.ap-south-1.amazonaws.com/ipl/playerimages/Sunil%20Joshi.png
647,SB Styris,2008,2011,https://ipl-stats-sports-mechanic.s3.ap-south-1.amazonaws.com/ipl/playerimages/Scott%20Styris.png
648,SB Wagh,2010,2011,https://ipl-stats-sports-mechanic.s3.ap-south-1.amazonaws.com/ipl/playerimages/Shrikant%20Wagh.png
649,SC Ganguly,2008,2012,https://ipl-stats-sports-mechanic.s3.ap-south-1.amazonaws.com/ipl/playerimages/Sourav%20Ganguly.png
650,SC Kuggeleijn,2019,2019,https://ipl-stats-sports-mechanic.s3.ap-south-1.amazonaws.com/ipl/playerimages/Scott%20Kuggeleijn.png
651,SD Chitnis,2008,2012,https://ipl-stats-sports-mechanic.s3.ap-south-1.amazonaws.com/ipl/playerimages/Siddesh%20Lad.png
652,SD Hope,2024,2024,https://ipl-stats-sports-mechanic.s3.ap-south-1.amazonaws.com/ipl/playerimages/Shai%20Hope.png
653,SD Lad,2019,2019,https://ipl-stats-sports-mechanic.s3.ap-south-1.amazonaws.com/ipl/playerimages/Siddesh%20Lad.png
654,SE Bond,2010,2010,https://ipl-stats-sports-mechanic.s3.ap-south-1.amazonaws.com/ipl/playerimages/Shane%20Bond.png
655,SE Marsh,2008,2017,https://cricclubs.com/documentsRep/profilePics/6c5d3a99-b18a-47b6-ba2e-5dae071b3452.png
656,SE Rutherford,2019,2026,https://ipl-stats-sports-mechanic.s3.ap-south-1.amazonaws.com/ipl/playerimages/Shimron%20Hetmyer.png
657,SH Johnson,2024,2026,https://www.espncricinfo.com/cricketers/spencer-johnson-1123718
658,SJ Srivastava,2010,2011,https://ipl-stats-sports-mechanic.s3.ap-south-1.amazonaws.com/ipl/playerimages/Saurabh%20Srivastava.png
659,SK Raina,2008,2021,https://ipl-stats-sports-mechanic.s3.ap-south-1.amazonaws.com/ipl/playerimages/Suresh%20Raina.png
660,SK Rasheed,2023,2025,https://www.espncricinfo.com/cricketers/shaik-rasheed-1292497
661,SK Trivedi,2008,2013,https://ipl-stats-sports-mechanic.s3.ap-south-1.amazonaws.com/ipl/playerimages/Siddhesh%20Trivedi.png
662,SK Warne,2008,2011,https://ipl-stats-sports-mechanic.s3.ap-south-1.amazonaws.com/ipl/playerimages/Shane%20Warne.png
663,SL Malinga,2009,2019,https://ipl-stats-sports-mechanic.s3.ap-south-1.amazonaws.com/ipl/playerimages/Lasith%20Malinga.png
664,SM Boland,2016,2016,https://ipl-stats-sports-mechanic.s3.ap-south-1.amazonaws.com/ipl/playerimages/Scott%20Boland.png
665,SM Curran,2019,2025,https://ipl-stats-sports-mechanic.s3.ap-south-1.amazonaws.com/ipl/playerimages/Sam%20Curran.png
666,SM Harwood,2009,2009,https://ipl-stats-sports-mechanic.s3.ap-south-1.amazonaws.com/ipl/playerimages/Steve%20Harwood.png
667,SM Katich,2008,2009,https://ipl-stats-sports-mechanic.s3.ap-south-1.amazonaws.com/ipl/playerimages/Simon%20Katich.png
668,SM Pollock,2008,2008,https://ipl-stats-sports-mechanic.s3.ap-south-1.amazonaws.com/ipl/playerimages/Shaun%20Pollock.png
669,SMSM Senanayake,2013,2013,https://ipl-stats-sports-mechanic.s3.ap-south-1.amazonaws.com/ipl/playerimages/Sachithra%20Senanayake.png
670,SN Khan,2015,2026,https://ipl-stats-sports-mechanic.s3.ap-south-1.amazonaws.com/ipl/playerimages/Simarjeet%20Singh.png
671,SN Thakur,2015,2026,https://ipl-stats-sports-mechanic.s3.ap-south-1.amazonaws.com/ipl/playerimages/Shardul%20Thakur.png
672,SO Hetmyer,2019,2026,https://ipl-stats-sports-mechanic.s3.ap-south-1.amazonaws.com/ipl/playerimages/Shimron%20Hetmyer.png
673,SP Fleming,2008,2008,https://ipl-stats-sports-mechanic.s3.ap-south-1.amazonaws.com/ipl/playerimages/Stephen%20Fleming.png
674,SP Goswami,2008,2021,https://ipl-stats-sports-mechanic.s3.ap-south-1.amazonaws.com/ipl/playerimages/Saurasish%20Goswami.png
675,SP Jackson,2017,2022,https://ipl-stats-sports-mechanic.s3.ap-south-1.amazonaws.com/ipl/playerimages/Sherfane%20Rutherford.png
676,SP Narine,2012,2026,https://ipl-stats-sports-mechanic.s3.ap-south-1.amazonaws.com/ipl/playerimages/Sunil%20Narine.png
677,SPD Smith,2012,2021,https://ipl-stats-sports-mechanic.s3.ap-south-1.amazonaws.com/ipl/playerimages/Steve%20Smith.png
678,SR Dubey,2026,2026,https://ipl-stats-sports-mechanic.s3.ap-south-1.amazonaws.com/ipl/playerimages/Shivam%20Dubey.png
679,SR Tendulkar,2008,2013,"https://img1.hscicdn.com/image/upload/f_auto,t_ds_square_w_320,q_50/lsci/db/PICTURES/CMS/316400/316486.6.png"
680,SR Watson,2008,2021,https://ipl-stats-sports-mechanic.s3.ap-south-1.amazonaws.com/ipl/playerimages/Shane%20Watson.png
681,SS Agarwal,2017,2017,https://ipl-stats-sports-mechanic.s3.ap-south-1.amazonaws.com/ipl/playerimages/Sanju%20Samson.png
682,SS Cottrell,2021,2021,https://ipl-stats-sports-mechanic.s3.ap-south-1.amazonaws.com/ipl/playerimages/Sheldon%20Cottrell.png
683,SS Iyer,2015,2026,https://ipl-stats-sports-mechanic.s3.ap-south-1.amazonaws.com/ipl/playerimages/Shreyas%20Iyer.png
684,SS Mishra,2026,2026,https://ipl-stats-sports-mechanic.s3.ap-south-1.amazonaws.com/ipl/playerimages/Shashank%20Singh.png
685,SS Mundhe,2011,2011,https://ipl-stats-sports-mechanic.s3.ap-south-1.amazonaws.com/ipl/playerimages/Sachin%20Mundhe.png
686,SS Prabhudessai,2022,2024,https://ipl-stats-sports-mechanic.s3.ap-south-1.amazonaws.com/ipl/playerimages/Shashank%20Singh.png
687,SS Sarkar,2009,2009,https://ipl-stats-sports-mechanic.s3.ap-south-1.amazonaws.com/ipl/playerimages/Sourav%20Sarkar.png
688,SS Shaikh,2009,2009,https://ipl-stats-sports-mechanic.s3.ap-south-1.amazonaws.com/ipl/playerimages/Shadab%20Shaikh.png
689,SS Tiwary,2008,2021,https://ipl-stats-sports-mechanic.s3.ap-south-1.amazonaws.com/ipl/playerimages/Saurabh%20Tiwary.png
690,SSB Magala,2023,2023,https://ipl-stats-sports-mechanic.s3.ap-south-1.amazonaws.com/ipl/playerimages/Sisanda%20Magala.png
691,ST Jayasuriya,2008,2010,"https://img1.hscicdn.com/image/upload/f_auto,t_ds_w_1280,q_80/lsci/db/PICTURES/CMS/319800/319886.png"
692,STR Binny,2010,2019,https://ipl-stats-sports-mechanic.s3.ap-south-1.amazonaws.com/ipl/playerimages/Stuart%20Binny.png
693,SU Parakh,2026,2026,https://ipl-stats-sports-mechanic.s3.ap-south-1.amazonaws.com/ipl/playerimages/Suyash%20Parakh.png
694,SV Samson,2013,2026,https://ipl-stats-sports-mechanic.s3.ap-south-1.amazonaws.com/ipl/playerimages/Sanju%20Samson.png
695,SW Billings,2016,2022,https://ipl-stats-sports-mechanic.s3.ap-south-1.amazonaws.com/ipl/playerimages/Sam%20Billings.png
696,SW Tait,2010,2013,https://ipl-stats-sports-mechanic.s3.ap-south-1.amazonaws.com/ipl/playerimages/Shaun%20Tait.png
697,SZ Mulani,2024,2024,https://ipl-stats-sports-mechanic.s3.ap-south-1.amazonaws.com/ipl/playerimages/Shams%20Mulani.png
698,Sachin Baby,2013,2021,https://www.espncricinfo.com/cricketers/sachin-baby-432783
699,Sakib Hussain,2026,2026,https://ipl-stats-sports-mechanic.s3.ap-south-1.amazonaws.com/ipl/playerimages/Sakib%20Hussain.png
700,Salil Arora,2026,2026,https://ipl-stats-sports-mechanic.s3.ap-south-1.amazonaws.com/ipl/playerimages/Salil%20Arora.png
701,Salman Butt,2008,2008,https://ipl-stats-sports-mechanic.s3.ap-south-1.amazonaws.com/ipl/playerimages/Salman%20Butt.png
702,Sameer Rizvi,2024,2026,https://www.espncricinfo.com/cricketers/sameer-rizvi-1175489
703,Sandeep Sharma,2013,2026,https://www.espncricinfo.com/cricketers/sandeep-sharma-438362
704,Sanvir Singh,2023,2024,https://ipl-stats-sports-mechanic.s3.ap-south-1.amazonaws.com/ipl/playerimages/Sanvir%20Singh.png
705,Saurav Chauhan,2024,2024,https://ipl-stats-sports-mechanic.s3.ap-south-1.amazonaws.com/ipl/playerimages/Saurav%20Chauhan.png
706,Sediqullah Atal,2025,2025,https://ipl-stats-sports-mechanic.s3.ap-south-1.amazonaws.com/ipl/playerimages/Sediqullah%20Atal.png
707,Shahbaz Ahmed,2021,2026,https://ipl-stats-sports-mechanic.s3.ap-south-1.amazonaws.com/ipl/playerimages/Shahbaz%20Ahmed.png
708,Shahid Afridi,2008,2008,https://ipl-stats-sports-mechanic.s3.ap-south-1.amazonaws.com/ipl/playerimages/Shahid%20Afridi.png
709,Shakib Al Hasan,2011,2021,https://ipl-stats-sports-mechanic.s3.ap-south-1.amazonaws.com/ipl/playerimages/Shakib%20Al%20Hasan.png
710,Shashank Singh,2022,2026,https://www.espncricinfo.com/cricketers/shashank-singh-377534
711,Shivam Mavi,2018,2023,https://ipl-stats-sports-mechanic.s3.ap-south-1.amazonaws.com/ipl/playerimages/Shivam%20Mavi.png
712,Shivam Sharma,2014,2015,https://ipl-stats-sports-mechanic.s3.ap-south-1.amazonaws.com/ipl/playerimages/Shivam%20Sharma.png
713,Shivam Singh,2024,2024,https://ipl-stats-sports-mechanic.s3.ap-south-1.amazonaws.com/ipl/playerimages/Shivam%20Singh.png
714,Shivang Kumar,2026,2026,https://ipl-stats-sports-mechanic.s3.ap-south-1.amazonaws.com/ipl/playerimages/Shivang%20Kumar.png
715,Shoaib Ahmed,2009,2009,https://ipl-stats-sports-mechanic.s3.ap-south-1.amazonaws.com/ipl/playerimages/Shoaib%20Ahmed.png
716,Shoaib Akhtar,2008,2008,https://ipl-stats-sports-mechanic.s3.ap-south-1.amazonaws.com/ipl/playerimages/Shoaib%20Akhtar.png
717,Shoaib Malik,2008,2008,https://ipl-stats-sports-mechanic.s3.ap-south-1.amazonaws.com/ipl/playerimages/Shoaib%20Malik.png
718,Shubman Gill,2018,2026,https://ipl-stats-sports-mechanic.s3.ap-south-1.amazonaws.com/ipl/playerimages/Shubman%20Gill.png
719,Sikandar Raza,2023,2024,https://ipl-stats-sports-mechanic.s3.ap-south-1.amazonaws.com/ipl/playerimages/Sikandar%20Raza.png
720,Simarjeet Singh,2022,2025,https://www.espncricinfo.com/cricketers/simarjeet-singh-1159722
721,Sohail Tanvir,2008,2008,"https://img1.hscicdn.com/image/upload/f_auto,t_ds_square_w_160/lsci/db/PICTURES/CMS/320400/320472.1.png"
722,Sonu Yadav,2023,2023,https://ipl-stats-sports-mechanic.s3.ap-south-1.amazonaws.com/ipl/playerimages/Sonu%20Yadav.png
723,Subhransu Senapati,2023,2023,https://ipl-stats-sports-mechanic.s3.ap-south-1.amazonaws.com/ipl/playerimages/Subhransu%20Senapati.png
724,Sumit Kumar,2024,2024,https://ipl-stats-sports-mechanic.s3.ap-south-1.amazonaws.com/ipl/playerimages/Sumit%20Kumar.png
725,Sunny Gupta,2012,2012,https://ipl-stats-sports-mechanic.s3.ap-south-1.amazonaws.com/ipl/playerimages/Sunny%20Gupta.png
726,Sunny Singh,2011,2011,https://ipl-stats-sports-mechanic.s3.ap-south-1.amazonaws.com/ipl/playerimages/Sunny%20Singh.png
727,Suryansh Shedge,2025,2026,https://www.espncricinfo.com/cricketers/suryansh-shedge-1339698
728,Suyash Sharma,2023,2026,https://www.espncricinfo.com/cricketers/suyash-sharma-1350792
729,Swapnil Singh,2016,2024,https://www.espncricinfo.com/cricketers/swapnil-singh-232292
730,T Banton,2021,2021,https://ipl-stats-sports-mechanic.s3.ap-south-1.amazonaws.com/ipl/playerimages/Tom%20Banton.png
731,T Dahiya,2026,2026,https://ipl-stats-sports-mechanic.s3.ap-south-1.amazonaws.com/ipl/playerimages/Tushar%20Deshpande.png
732,T Henderson,2009,2009,https://ipl-stats-sports-mechanic.s3.ap-south-1.amazonaws.com/ipl/playerimages/Tom%20Henderson.png
733,T Kohler-Cadmore,2024,2024,https://ipl-stats-sports-mechanic.s3.ap-south-1.amazonaws.com/ipl/playerimages/Tom%20Kohler-Cadmore.png
734,T Kohli,2008,2009,https://ipl-stats-sports-mechanic.s3.ap-south-1.amazonaws.com/ipl/playerimages/Tanmay%20Kohli.png
735,T Mishra,2012,2012,https://ipl-stats-sports-mechanic.s3.ap-south-1.amazonaws.com/ipl/playerimages/Tanveer%20Ahmed.png
736,T Natarajan,2017,2026,https://ipl-stats-sports-mechanic.s3.ap-south-1.amazonaws.com/ipl/playerimages/T%20Natarajan.png
737,T Shamsi,2016,2021,https://ipl-stats-sports-mechanic.s3.ap-south-1.amazonaws.com/ipl/playerimages/Tabraiz%20Shamsi.png
738,T Stubbs,2022,2026,https://www.espncricinfo.com/cricketers/tristan-stubbs-595978
739,T Taibu,2008,2008,https://ipl-stats-sports-mechanic.s3.ap-south-1.amazonaws.com/ipl/playerimages/Tatenda%20Taibu.png
740,T Thushara,2009,2010,https://ipl-stats-sports-mechanic.s3.ap-south-1.amazonaws.com/ipl/playerimages/Thilan%20Thushara.png
741,T Vijay,2025,2026,https://ipl-stats-sports-mechanic.s3.ap-south-1.amazonaws.com/ipl/playerimages/Tanay%20Vijay.png
742,TA Boult,2015,2026,https://ipl-stats-sports-mechanic.s3.ap-south-1.amazonaws.com/ipl/playerimages/Trent%20Boult.png
743,TD Paine,2011,2011,https://ipl-stats-sports-mechanic.s3.ap-south-1.amazonaws.com/ipl/playerimages/Tim%20Paine.png
744,TG Southee,2011,2023,https://ipl-stats-sports-mechanic.s3.ap-south-1.amazonaws.com/ipl/playerimages/Tim%20Southee.png
745,TH David,2021,2026,https://ipl-stats-sports-mechanic.s3.ap-south-1.amazonaws.com/ipl/playerimages/Tim%20David.png
746,TK Curran,2018,2021,https://ipl-stats-sports-mechanic.s3.ap-south-1.amazonaws.com/ipl/playerimages/Tom%20Curran.png
747,TL Seifert,2021,2026,https://ipl-stats-sports-mechanic.s3.ap-south-1.amazonaws.com/ipl/playerimages/Tim%20Seifert.png
748,TL Suman,2009,2013,https://ipl-stats-sports-mechanic.s3.ap-south-1.amazonaws.com/ipl/playerimages/Tirumalasetti%20Suman.png
749,TM Dilshan,2008,2013,https://ipl-stats-sports-mechanic.s3.ap-south-1.amazonaws.com/ipl/playerimages/Tillakaratne%20Dilshan.png
750,TM Head,2016,2026,https://ipl-stats-sports-mechanic.s3.ap-south-1.amazonaws.com/ipl/playerimages/Travis%20Head.png
751,TM Srivastava,2008,2009,https://ipl-stats-sports-mechanic.s3.ap-south-1.amazonaws.com/ipl/playerimages/Tarun%20Srivastava.png
752,TP Sudhindra,2012,2012,https://ipl-stats-sports-mechanic.s3.ap-south-1.amazonaws.com/ipl/playerimages/TP%20Sudhindra.png
753,TR Birt,2011,2011,https://ipl-stats-sports-mechanic.s3.ap-south-1.amazonaws.com/ipl/playerimages/Travis%20Birt.png
754,TS Mills,2017,2022,https://ipl-stats-sports-mechanic.s3.ap-south-1.amazonaws.com/ipl/playerimages/Tymal%20Mills.png
755,TU Deshpande,2021,2026,https://ipl-stats-sports-mechanic.s3.ap-south-1.amazonaws.com/ipl/playerimages/Tushar%20Deshpande.png
756,Tanay Thyagarajan,2024,2024,https://ipl-stats-sports-mechanic.s3.ap-south-1.amazonaws.com/ipl/playerimages/Tanay%20Thyagarajan.png
757,Tanush Kotian,2024,2024,https://ipl-stats-sports-mechanic.s3.ap-south-1.amazonaws.com/ipl/playerimages/Tanush%20Kotian.png
758,Tejas Baroka,2017,2017,https://ipl-stats-sports-mechanic.s3.ap-south-1.amazonaws.com/ipl/playerimages/Tejas%20Baroka.png
759,Tilak Varma,2022,2026,https://ipl-stats-sports-mechanic.s3.ap-south-1.amazonaws.com/ipl/playerimages/Tilak%20Varma.png
760,U Kaul,2008,2008,https://ipl-stats-sports-mechanic.s3.ap-south-1.amazonaws.com/ipl/playerimages/Uday%20Kaul.png
761,UA Birla,2013,2013,https://ipl-stats-sports-mechanic.s3.ap-south-1.amazonaws.com/ipl/playerimages/Uday%20Birla.png
762,UBT Chand,2011,2016,https://ipl-stats-sports-mechanic.s3.ap-south-1.amazonaws.com/ipl/playerimages/Unmukt%20Chand.png
763,UT Khawaja,2016,2016,https://ipl-stats-sports-mechanic.s3.ap-south-1.amazonaws.com/ipl/playerimages/Usman%20Khawaja.png
764,UT Yadav,2010,2024,https://ipl-stats-sports-mechanic.s3.ap-south-1.amazonaws.com/ipl/playerimages/Umesh%20Yadav.png
765,Umar Gul,2008,2008,https://ipl-stats-sports-mechanic.s3.ap-south-1.amazonaws.com/ipl/playerimages/Umar%20Gul.png
766,Umran Malik,2021,2024,https://ipl-stats-sports-mechanic.s3.ap-south-1.amazonaws.com/ipl/playerimages/Umran%20Malik.png
767,Urvil Patel,2025,2026,https://ipl-stats-sports-mechanic.s3.ap-south-1.amazonaws.com/ipl/playerimages/Urvil%20Patel.png
768,V Kaverappa,2024,2024,https://ipl-stats-sports-mechanic.s3.ap-south-1.amazonaws.com/ipl/playerimages/Vidhwath%20Kaverappa.png
769,V Kohli,2008,2026,https://ipl-stats-sports-mechanic.s3.ap-south-1.amazonaws.com/ipl/playerimages/Virat%20Kohli.png
770,V Nigam,2025,2026,https://www.espncricinfo.com/cricketers/vipraj-nigam-1449074
771,V Pratap Singh,2012,2012,https://ipl-stats-sports-mechanic.s3.ap-south-1.amazonaws.com/ipl/playerimages/Vivek%20Pratap%20Singh.png
772,V Puthur,2025,2025,https://www.espncricinfo.com/cricketers/vignesh-puthur-1460388
773,V Sehwag,2008,2015,https://ipl-stats-sports-mechanic.s3.ap-south-1.amazonaws.com/ipl/playerimages/Virender%20Sehwag.png
774,V Shankar,2014,2025,https://www.espncricinfo.com/cricketers/vijay-shankar-477021
775,V Suryavanshi,2025,2026,https://www.espncricinfo.com/cricketers/vaibhav-suryavanshi-1408688
776,V Viyaskanth,2024,2024,https://ipl-stats-sports-mechanic.s3.ap-south-1.amazonaws.com/ipl/playerimages/Vicky%20Viyaskanth.png
777,VG Arora,2022,2026,https://ipl-stats-sports-mechanic.s3.ap-south-1.amazonaws.com/ipl/playerimages/Vidwath%20Kaverappa.png
778,VH Zol,2014,2014,https://ipl-stats-sports-mechanic.s3.ap-south-1.amazonaws.com/ipl/playerimages/Vishal%20Zol.png
779,VR Aaron,2011,2022,https://ipl-stats-sports-mechanic.s3.ap-south-1.amazonaws.com/ipl/playerimages/Varun%20Aaron.png
780,VR Iyer,2021,2026,https://ipl-stats-sports-mechanic.s3.ap-south-1.amazonaws.com/ipl/playerimages/Venkatesh%20Iyer.png
781,VRV Singh,2008,2010,https://ipl-stats-sports-mechanic.s3.ap-south-1.amazonaws.com/ipl/playerimages/VRV%20Singh.png
782,VS Malik,2009,2014,https://ipl-stats-sports-mechanic.s3.ap-south-1.amazonaws.com/ipl/playerimages/Vishal%20Malik.png
783,VS Yeligati,2008,2008,https://ipl-stats-sports-mechanic.s3.ap-south-1.amazonaws.com/ipl/playerimages/Vijaykumar%20Yeligati.png
784,VVS Laxman,2008,2011,https://ipl-stats-sports-mechanic.s3.ap-south-1.amazonaws.com/ipl/playerimages/VVS%20Laxman.png
785,VY Mahesh,2008,2012,https://ipl-stats-sports-mechanic.s3.ap-south-1.amazonaws.com/ipl/playerimages/Vinay%20Kumar.png
786,Vijaykumar Vyshak,2023,2026,https://ipl-stats-sports-mechanic.s3.ap-south-1.amazonaws.com/ipl/playerimages/Vijaykumar%20Vyshak.png
787,Virat Singh,2021,2021,https://ipl-stats-sports-mechanic.s3.ap-south-1.amazonaws.com/ipl/playerimages/Virat%20Singh.png
788,Vishnu Vinod,2017,2026,https://www.espncricinfo.com/cricketers/vishnu-vinod-732293
789,Vivrant Sharma,2023,2023,https://ipl-stats-sports-mechanic.s3.ap-south-1.amazonaws.com/ipl/playerimages/Vivrant%20Sharma.png
790,W Jaffer,2008,2009,https://ipl-stats-sports-mechanic.s3.ap-south-1.amazonaws.com/ipl/playerimages/Wasim%20Jaffer.png
791,W O'Rourke,2025,2025,https://ipl-stats-sports-mechanic.s3.ap-south-1.amazonaws.com/ipl/playerimages/Will%20O%27Rourke.png
792,WA Mota,2008,2009,https://ipl-stats-sports-mechanic.s3.ap-south-1.amazonaws.com/ipl/playerimages/Wilkin%20Mota.png
793,WD Parnell,2011,2023,https://ipl-stats-sports-mechanic.s3.ap-south-1.amazonaws.com/ipl/playerimages/Wayne%20Parnell.png
794,WG Jacks,2024,2026,https://ipl-stats-sports-mechanic.s3.ap-south-1.amazonaws.com/ipl/playerimages/Will%20Jacks.png
795,WP Saha,2008,2024,https://ipl-stats-sports-mechanic.s3.ap-south-1.amazonaws.com/ipl/playerimages/Wriddhiman%20Saha.png
796,WPUJC Vaas,2008,2010,https://ipl-stats-sports-mechanic.s3.ap-south-1.amazonaws.com/ipl/playerimages/Chaminda%20Vaas.png
797,Washington Sundar,2017,2026,https://www.espncricinfo.com/cricketers/washington-sundar-719715
798,X Thalaivan Sargunam,2013,2013,https://ipl-stats-sports-mechanic.s3.ap-south-1.amazonaws.com/ipl/playerimages/Thalaivan%20Sargunam.png
799,XC Bartlett,2025,2026,https://ipl-stats-sports-mechanic.s3.ap-south-1.amazonaws.com/ipl/playerimages/Xavier%20Bartlett.png
800,Y Gnaneswara Rao,2011,2011,https://ipl-stats-sports-mechanic.s3.ap-south-1.amazonaws.com/ipl/playerimages/Y%20Gnaneswara%20Rao.png
801,Y Nagar,2009,2012,https://ipl-stats-sports-mechanic.s3.ap-south-1.amazonaws.com/ipl/playerimages/Yashpal%20Nagar.png
802,Y Prithvi Raj,2019,2019,https://ipl-stats-sports-mechanic.s3.ap-south-1.amazonaws.com/ipl/playerimages/Prithvi%20Raj.png
803,Y Venugopal Rao,2008,2014,https://ipl-stats-sports-mechanic.s3.ap-south-1.amazonaws.com/ipl/playerimages/Y%20Venugopal%20Rao.png
804,YA Abdulla,2009,2010,https://ipl-stats-sports-mechanic.s3.ap-south-1.amazonaws.com/ipl/playerimages/Yusuf%20Abdulla.png
805,YBK Jaiswal,2021,2026,https://ipl-stats-sports-mechanic.s3.ap-south-1.amazonaws.com/ipl/playerimages/Yashasvi%20Jaiswal.png
806,YK Pathan,2008,2019,https://ipl-stats-sports-mechanic.s3.ap-south-1.amazonaws.com/ipl/playerimages/Yusuf%20Pathan.png
807,YS Chahal,2013,2026,https://ipl-stats-sports-mechanic.s3.ap-south-1.amazonaws.com/ipl/playerimages/Yuzvendra%20Chahal.png
808,YV Dhull,2023,2023,https://ipl-stats-sports-mechanic.s3.ap-south-1.amazonaws.com/ipl/playerimages/Yash%20Dhull.png
809,YV Takawale,2008,2014,https://ipl-stats-sports-mechanic.s3.ap-south-1.amazonaws.com/ipl/playerimages/Yogesh%20Takawale.png
810,Yash Dayal,2022,2025,https://www.espncricinfo.com/cricketers/yash-dayal-1159720
811,Yash Raj Punja,2026,2026,https://ipl-stats-sports-mechanic.s3.ap-south-1.amazonaws.com/ipl/playerimages/Yash%20Raj%20Punja.png
812,Yash Thakur,2023,2026,https://ipl-stats-sports-mechanic.s3.ap-south-1.amazonaws.com/ipl/playerimages/Yash%20Thakur.png
813,Yashpal Singh,2009,2009,https://ipl-stats-sports-mechanic.s3.ap-south-1.amazonaws.com/ipl/playerimages/Yashpal%20Singh.png
814,Younis Khan,2008,2008,https://ipl-stats-sports-mechanic.s3.ap-south-1.amazonaws.com/ipl/playerimages/Younis%20Khan.png
815,Yudhvir Singh,2023,2025,https://ipl-stats-sports-mechanic.s3.ap-south-1.amazonaws.com/ipl/playerimages/Yudhvir%20Singh.png
816,Yuvraj Singh,2008,2019,https://ipl-stats-sports-mechanic.s3.ap-south-1.amazonaws.com/ipl/playerimages/Yuvraj%20Singh.png
817,Z Khan,2008,2017,https://ipl-stats-sports-mechanic.s3.ap-south-1.amazonaws.com/ipl/playerimages/Zaheer%20Khan.png
818,Zeeshan Ansari,2025,2025,https://www.espncricinfo.com/cricketers/zeeshan-ansari-942371
